파일명,예측라벨,정답라벨,채점_0.8099
livestock_pig_keypoints_031746.jpg,Lying on belly,Lying on belly,맞음
livestock_pig_keypoints_031749.jpg,Lying on side,Lying on belly,틀림
livestock_pig_keypoints_031750.jpg,Lying on belly,Lying on belly,맞음
livestock_pig_keypoints_031751.jpg,Lying on belly,Lying on belly,맞음
livestock_pig_keypoints_031757.jpg,Lying on belly,Lying on belly,맞음
livestock_pig_keypoints_031758.jpg,Lying on belly,Lying on belly,맞음
livestock_pig_keypoints_031762.jpg,Lying on belly,Lying on belly,맞음
livestock_pig_keypoints_031767.jpg,Lying on belly,Lying on belly,맞음
livestock_pig_keypoints_031775.jpg,Lying on belly,Lying on belly,맞음
livestock_pig_keypoints_031784.jpg,Lying on belly,Lying on belly,맞음
livestock_pig_keypoints_031787.jpg,Lying on side,Lying on belly,틀림
livestock_pig_keypoints_031791.jpg,Lying on belly,Lying on belly,맞음
livestock_pig_keypoints_031794.jpg,Lying on belly,Lying on belly,맞음
livestock_pig_keypoints_031797.jpg,Lying on belly,Lying on belly,맞음
livestock_pig_keypoints_031802.jpg,Lying on belly,Lying on belly,맞음
livestock_pig_keypoints_031804.jpg,Lying on belly,Lying on belly,맞음
livestock_pig_keypoints_031808.jpg,Lying on belly,Lying on belly,맞음
livestock_pig_keypoints_031813.jpg,Lying on belly,Lying on belly,맞음
livestock_pig_keypoints_031815.jpg,Lying on belly,Lying on belly,맞음
livestock_pig_keypoints_031817.jpg,Lying on belly,Lying on belly,맞음
livestock_pig_keypoints_031818.jpg,Lying on belly,Lying on belly,맞음
livestock_pig_keypoints_031825.jpg,Lying on belly,Lying on belly,맞음
livestock_pig_keypoints_031828.jpg,Lying on belly,Lying on belly,맞음
livestock_pig_keypoints_031833.jpg,Lying on belly,Lying on belly,맞음
livestock_pig_keypoints_031837.jpg,Lying on belly,Lying on belly,맞음
livestock_pig_keypoints_031845.jpg,Lying on belly,Lying on belly,맞음
livestock_pig_keypoints_031846.jpg,Lying on belly,Lying on belly,맞음
livestock_pig_keypoints_031850.jpg,Lying on belly,Lying on belly,맞음
livestock_pig_keypoints_031858.jpg,Lying on belly,Lying on belly,맞음
livestock_pig_keypoints_031861.jpg,Lying on belly,Lying on belly,맞음
livestock_pig_keypoints_031879.jpg,Lying on belly,Lying on belly,맞음
livestock_pig_keypoints_031881.jpg,Standing,Lying on belly,틀림
livestock_pig_keypoints_031883.jpg,Lying on belly,Lying on belly,맞음
livestock_pig_keypoints_031886.jpg,Lying on belly,Lying on belly,맞음
livestock_pig_keypoints_031887.jpg,Lying on belly,Lying on belly,맞음
livestock_pig_keypoints_031894.jpg,Lying on belly,Lying on belly,맞음
livestock_pig_keypoints_031898.jpg,Lying on belly,Lying on belly,맞음
livestock_pig_keypoints_031900.jpg,Lying on belly,Lying on belly,맞음
livestock_pig_keypoints_031903.jpg,Lying on belly,Lying on belly,맞음
livestock_pig_keypoints_031906.jpg,Sitting,Lying on belly,틀림
livestock_pig_keypoints_031918.jpg,Lying on belly,Lying on belly,맞음
livestock_pig_keypoints_031926.jpg,Lying on belly,Lying on belly,맞음
livestock_pig_keypoints_031928.jpg,Sitting,Lying on belly,틀림
livestock_pig_keypoints_031938.jpg,Lying on belly,Lying on belly,맞음
livestock_pig_keypoints_031942.jpg,Lying on belly,Lying on belly,맞음
livestock_pig_keypoints_031951.jpg,Lying on belly,Lying on belly,맞음
livestock_pig_keypoints_031953.jpg,Lying on belly,Lying on belly,맞음
livestock_pig_keypoints_031956.jpg,Lying on belly,Lying on belly,맞음
livestock_pig_keypoints_031957.jpg,Lying on belly,Lying on belly,맞음
livestock_pig_keypoints_031959.jpg,Lying on belly,Lying on belly,맞음
livestock_pig_keypoints_031962.jpg,Lying on belly,Lying on belly,맞음
livestock_pig_keypoints_031965.jpg,Lying on belly,Lying on belly,맞음
livestock_pig_keypoints_031967.jpg,Lying on belly,Lying on belly,맞음
livestock_pig_keypoints_031972.jpg,Lying on belly,Lying on belly,맞음
livestock_pig_keypoints_031975.jpg,Lying on side,Lying on belly,틀림
livestock_pig_keypoints_031983.jpg,Sitting,Lying on belly,틀림
livestock_pig_keypoints_031988.jpg,Lying on belly,Lying on belly,맞음
livestock_pig_keypoints_031992.jpg,Lying on belly,Lying on belly,맞음
livestock_pig_keypoints_032001.jpg,Lying on belly,Lying on belly,맞음
livestock_pig_keypoints_032008.jpg,Lying on belly,Lying on belly,맞음
livestock_pig_keypoints_032009.jpg,Lying on belly,Lying on belly,맞음
livestock_pig_keypoints_032015.jpg,Lying on belly,Lying on belly,맞음
livestock_pig_keypoints_032016.jpg,Lying on belly,Lying on belly,맞음
livestock_pig_keypoints_032019.jpg,Lying on belly,Lying on belly,맞음
livestock_pig_keypoints_032021.jpg,Lying on belly,Lying on belly,맞음
livestock_pig_keypoints_032022.jpg,Lying on belly,Lying on belly,맞음
livestock_pig_keypoints_032026.jpg,Standing,Lying on belly,틀림
livestock_pig_keypoints_032027.jpg,Lying on belly,Lying on belly,맞음
livestock_pig_keypoints_032028.jpg,Lying on side,Lying on belly,틀림
livestock_pig_keypoints_032032.jpg,Lying on belly,Lying on belly,맞음
livestock_pig_keypoints_032035.jpg,Lying on belly,Lying on belly,맞음
livestock_pig_keypoints_032038.jpg,Lying on belly,Lying on belly,맞음
livestock_pig_keypoints_032040.jpg,Lying on side,Lying on belly,틀림
livestock_pig_keypoints_032042.jpg,Lying on belly,Lying on belly,맞음
livestock_pig_keypoints_032044.jpg,Lying on belly,Lying on belly,맞음
livestock_pig_keypoints_032045.jpg,Lying on belly,Lying on belly,맞음
livestock_pig_keypoints_032056.jpg,Lying on belly,Lying on belly,맞음
livestock_pig_keypoints_032061.jpg,Lying on belly,Lying on belly,맞음
livestock_pig_keypoints_032062.jpg,Lying on belly,Lying on belly,맞음
livestock_pig_keypoints_032063.jpg,Lying on side,Lying on belly,틀림
livestock_pig_keypoints_032066.jpg,Lying on belly,Lying on belly,맞음
livestock_pig_keypoints_032079.jpg,Sitting,Lying on belly,틀림
livestock_pig_keypoints_032080.jpg,Lying on belly,Lying on belly,맞음
livestock_pig_keypoints_032096.jpg,Lying on belly,Lying on belly,맞음
livestock_pig_keypoints_032102.jpg,Lying on belly,Lying on belly,맞음
livestock_pig_keypoints_032108.jpg,Lying on belly,Lying on belly,맞음
livestock_pig_keypoints_032111.jpg,Lying on belly,Lying on belly,맞음
livestock_pig_keypoints_032112.jpg,Lying on belly,Lying on belly,맞음
livestock_pig_keypoints_032113.jpg,Lying on belly,Lying on belly,맞음
livestock_pig_keypoints_032116.jpg,Lying on belly,Lying on belly,맞음
livestock_pig_keypoints_032117.jpg,Lying on belly,Lying on belly,맞음
livestock_pig_keypoints_032122.jpg,Standing,Lying on belly,틀림
livestock_pig_keypoints_032126.jpg,Lying on belly,Lying on belly,맞음
livestock_pig_keypoints_032130.jpg,Lying on belly,Lying on belly,맞음
livestock_pig_keypoints_032132.jpg,Lying on belly,Lying on belly,맞음
livestock_pig_keypoints_032135.jpg,Standing,Lying on belly,틀림
livestock_pig_keypoints_032136.jpg,Lying on belly,Lying on belly,맞음
livestock_pig_keypoints_032137.jpg,Lying on side,Lying on belly,틀림
livestock_pig_keypoints_032141.jpg,Lying on belly,Lying on belly,맞음
livestock_pig_keypoints_032149.jpg,Lying on belly,Lying on belly,맞음
livestock_pig_keypoints_032166.jpg,Lying on belly,Lying on belly,맞음
livestock_pig_keypoints_032175.jpg,Lying on belly,Lying on belly,맞음
livestock_pig_keypoints_032179.jpg,Standing,Lying on belly,틀림
livestock_pig_keypoints_032183.jpg,Lying on belly,Lying on belly,맞음
livestock_pig_keypoints_032186.jpg,Lying on belly,Lying on belly,맞음
livestock_pig_keypoints_032189.jpg,Lying on belly,Lying on belly,맞음
livestock_pig_keypoints_032190.jpg,Lying on side,Lying on belly,틀림
livestock_pig_keypoints_032197.jpg,Lying on belly,Lying on belly,맞음
livestock_pig_keypoints_032201.jpg,Lying on belly,Lying on belly,맞음
livestock_pig_keypoints_032202.jpg,Lying on belly,Lying on belly,맞음
livestock_pig_keypoints_032204.jpg,Lying on belly,Lying on belly,맞음
livestock_pig_keypoints_032207.jpg,Sitting,Lying on belly,틀림
livestock_pig_keypoints_032210.jpg,Lying on belly,Lying on belly,맞음
livestock_pig_keypoints_032211.jpg,Lying on belly,Lying on belly,맞음
livestock_pig_keypoints_032215.jpg,Lying on belly,Lying on belly,맞음
livestock_pig_keypoints_032217.jpg,Standing,Lying on belly,틀림
livestock_pig_keypoints_032220.jpg,Lying on belly,Lying on belly,맞음
livestock_pig_keypoints_032222.jpg,Lying on belly,Lying on belly,맞음
livestock_pig_keypoints_032226.jpg,Lying on belly,Lying on belly,맞음
livestock_pig_keypoints_032235.jpg,Lying on belly,Lying on belly,맞음
livestock_pig_keypoints_032240.jpg,Lying on belly,Lying on belly,맞음
livestock_pig_keypoints_032245.jpg,Lying on belly,Lying on belly,맞음
livestock_pig_keypoints_032246.jpg,Lying on side,Lying on belly,틀림
livestock_pig_keypoints_032247.jpg,Lying on belly,Lying on belly,맞음
livestock_pig_keypoints_032249.jpg,Standing,Lying on belly,틀림
livestock_pig_keypoints_032256.jpg,Lying on belly,Lying on belly,맞음
livestock_pig_keypoints_032258.jpg,Lying on belly,Lying on belly,맞음
livestock_pig_keypoints_032261.jpg,Lying on belly,Lying on belly,맞음
livestock_pig_keypoints_032268.jpg,Lying on belly,Lying on belly,맞음
livestock_pig_keypoints_032270.jpg,Lying on belly,Lying on belly,맞음
livestock_pig_keypoints_032272.jpg,Lying on belly,Lying on belly,맞음
livestock_pig_keypoints_032278.jpg,Lying on belly,Lying on belly,맞음
livestock_pig_keypoints_032280.jpg,Lying on belly,Lying on belly,맞음
livestock_pig_keypoints_032286.jpg,Lying on belly,Lying on belly,맞음
livestock_pig_keypoints_032287.jpg,Lying on belly,Lying on belly,맞음
livestock_pig_keypoints_032297.jpg,Lying on belly,Lying on belly,맞음
livestock_pig_keypoints_032299.jpg,Lying on belly,Lying on belly,맞음
livestock_pig_keypoints_032305.jpg,Lying on belly,Lying on belly,맞음
livestock_pig_keypoints_032307.jpg,Sitting,Lying on belly,틀림
livestock_pig_keypoints_032308.jpg,Lying on belly,Lying on belly,맞음
livestock_pig_keypoints_032310.jpg,Lying on belly,Lying on belly,맞음
livestock_pig_keypoints_032316.jpg,Lying on belly,Lying on belly,맞음
livestock_pig_keypoints_032318.jpg,Lying on side,Lying on belly,틀림
livestock_pig_keypoints_032319.jpg,Lying on belly,Lying on belly,맞음
livestock_pig_keypoints_032325.jpg,Standing,Lying on belly,틀림
livestock_pig_keypoints_032326.jpg,Lying on belly,Lying on belly,맞음
livestock_pig_keypoints_032328.jpg,Lying on belly,Lying on belly,맞음
livestock_pig_keypoints_032329.jpg,Lying on belly,Lying on belly,맞음
livestock_pig_keypoints_032334.jpg,Standing,Lying on belly,틀림
livestock_pig_keypoints_032339.jpg,Lying on belly,Lying on belly,맞음
livestock_pig_keypoints_032344.jpg,Sitting,Lying on belly,틀림
livestock_pig_keypoints_032354.jpg,Lying on belly,Lying on belly,맞음
livestock_pig_keypoints_032355.jpg,Lying on belly,Lying on belly,맞음
livestock_pig_keypoints_032357.jpg,Lying on belly,Lying on belly,맞음
livestock_pig_keypoints_032362.jpg,Lying on belly,Lying on belly,맞음
livestock_pig_keypoints_032365.jpg,Lying on belly,Lying on belly,맞음
livestock_pig_keypoints_032372.jpg,Lying on belly,Lying on belly,맞음
livestock_pig_keypoints_032374.jpg,Lying on belly,Lying on belly,맞음
livestock_pig_keypoints_032383.jpg,Lying on belly,Lying on belly,맞음
livestock_pig_keypoints_032384.jpg,Lying on belly,Lying on belly,맞음
livestock_pig_keypoints_032390.jpg,Lying on belly,Lying on belly,맞음
livestock_pig_keypoints_032392.jpg,Lying on side,Lying on belly,틀림
livestock_pig_keypoints_032397.jpg,Lying on belly,Lying on belly,맞음
livestock_pig_keypoints_032406.jpg,Lying on belly,Lying on belly,맞음
livestock_pig_keypoints_032410.jpg,Lying on belly,Lying on belly,맞음
livestock_pig_keypoints_032425.jpg,Lying on belly,Lying on belly,맞음
livestock_pig_keypoints_032447.jpg,Sitting,Lying on belly,틀림
livestock_pig_keypoints_032448.jpg,Lying on belly,Lying on belly,맞음
livestock_pig_keypoints_032453.jpg,Lying on belly,Lying on belly,맞음
livestock_pig_keypoints_032458.jpg,Sitting,Lying on belly,틀림
livestock_pig_keypoints_032461.jpg,Lying on belly,Lying on belly,맞음
livestock_pig_keypoints_032463.jpg,Lying on side,Lying on belly,틀림
livestock_pig_keypoints_032468.jpg,Lying on belly,Lying on belly,맞음
livestock_pig_keypoints_032474.jpg,Lying on belly,Lying on belly,맞음
livestock_pig_keypoints_032476.jpg,Lying on belly,Lying on belly,맞음
livestock_pig_keypoints_032485.jpg,Lying on belly,Lying on belly,맞음
livestock_pig_keypoints_032502.jpg,Lying on belly,Lying on belly,맞음
livestock_pig_keypoints_032503.jpg,Lying on belly,Lying on belly,맞음
livestock_pig_keypoints_032504.jpg,Lying on belly,Lying on belly,맞음
livestock_pig_keypoints_032505.jpg,Sitting,Lying on belly,틀림
livestock_pig_keypoints_032508.jpg,Lying on belly,Lying on belly,맞음
livestock_pig_keypoints_032509.jpg,Lying on belly,Lying on belly,맞음
livestock_pig_keypoints_032510.jpg,Lying on belly,Lying on belly,맞음
livestock_pig_keypoints_032511.jpg,Lying on belly,Lying on belly,맞음
livestock_pig_keypoints_032512.jpg,Lying on belly,Lying on belly,맞음
livestock_pig_keypoints_032514.jpg,Lying on belly,Lying on belly,맞음
livestock_pig_keypoints_032520.jpg,Lying on belly,Lying on belly,맞음
livestock_pig_keypoints_032526.jpg,Lying on belly,Lying on belly,맞음
livestock_pig_keypoints_032529.jpg,Lying on belly,Lying on belly,맞음
livestock_pig_keypoints_032530.jpg,Lying on belly,Lying on belly,맞음
livestock_pig_keypoints_032534.jpg,Lying on belly,Lying on belly,맞음
livestock_pig_keypoints_032538.jpg,Lying on belly,Lying on belly,맞음
livestock_pig_keypoints_032541.jpg,Lying on belly,Lying on belly,맞음
livestock_pig_keypoints_032542.jpg,Lying on belly,Lying on belly,맞음
livestock_pig_keypoints_032546.jpg,Lying on belly,Lying on belly,맞음
livestock_pig_keypoints_032550.jpg,Lying on belly,Lying on belly,맞음
livestock_pig_keypoints_032552.jpg,Lying on belly,Lying on belly,맞음
livestock_pig_keypoints_032555.jpg,Lying on belly,Lying on belly,맞음
livestock_pig_keypoints_032561.jpg,Lying on belly,Lying on belly,맞음
livestock_pig_keypoints_032562.jpg,Lying on belly,Lying on belly,맞음
livestock_pig_keypoints_032565.jpg,Sitting,Lying on belly,틀림
livestock_pig_keypoints_032572.jpg,Standing,Lying on belly,틀림
livestock_pig_keypoints_032573.jpg,Lying on belly,Lying on belly,맞음
livestock_pig_keypoints_032576.jpg,Lying on belly,Lying on belly,맞음
livestock_pig_keypoints_032578.jpg,Lying on belly,Lying on belly,맞음
livestock_pig_keypoints_032588.jpg,Sitting,Lying on belly,틀림
livestock_pig_keypoints_032592.jpg,Lying on belly,Lying on belly,맞음
livestock_pig_keypoints_032594.jpg,Lying on belly,Lying on belly,맞음
livestock_pig_keypoints_032596.jpg,Lying on belly,Lying on belly,맞음
livestock_pig_keypoints_032598.jpg,Lying on belly,Lying on belly,맞음
livestock_pig_keypoints_032600.jpg,Standing,Lying on belly,틀림
livestock_pig_keypoints_032604.jpg,Lying on belly,Lying on belly,맞음
livestock_pig_keypoints_032608.jpg,Lying on belly,Lying on belly,맞음
livestock_pig_keypoints_032611.jpg,Lying on belly,Lying on belly,맞음
livestock_pig_keypoints_032614.jpg,Lying on belly,Lying on belly,맞음
livestock_pig_keypoints_032615.jpg,Lying on side,Lying on belly,틀림
livestock_pig_keypoints_032620.jpg,Lying on belly,Lying on belly,맞음
livestock_pig_keypoints_032626.jpg,Lying on belly,Lying on belly,맞음
livestock_pig_keypoints_032630.jpg,Lying on belly,Lying on belly,맞음
livestock_pig_keypoints_032632.jpg,Lying on belly,Lying on belly,맞음
livestock_pig_keypoints_032633.jpg,Lying on belly,Lying on belly,맞음
livestock_pig_keypoints_032635.jpg,Lying on belly,Lying on belly,맞음
livestock_pig_keypoints_032636.jpg,Lying on belly,Lying on belly,맞음
livestock_pig_keypoints_032642.jpg,Lying on belly,Lying on belly,맞음
livestock_pig_keypoints_032644.jpg,Lying on belly,Lying on belly,맞음
livestock_pig_keypoints_032645.jpg,Lying on belly,Lying on belly,맞음
livestock_pig_keypoints_032650.jpg,Lying on belly,Lying on belly,맞음
livestock_pig_keypoints_032652.jpg,Sitting,Lying on belly,틀림
livestock_pig_keypoints_032659.jpg,Lying on belly,Lying on belly,맞음
livestock_pig_keypoints_032668.jpg,Standing,Lying on belly,틀림
livestock_pig_keypoints_032670.jpg,Lying on belly,Lying on belly,맞음
livestock_pig_keypoints_032673.jpg,Lying on belly,Lying on belly,맞음
livestock_pig_keypoints_032680.jpg,Lying on side,Lying on belly,틀림
livestock_pig_keypoints_032683.jpg,Lying on belly,Lying on belly,맞음
livestock_pig_keypoints_032684.jpg,Lying on belly,Lying on belly,맞음
livestock_pig_keypoints_032687.jpg,Lying on belly,Lying on belly,맞음
livestock_pig_keypoints_032695.jpg,Lying on side,Lying on belly,틀림
livestock_pig_keypoints_032696.jpg,Lying on belly,Lying on belly,맞음
livestock_pig_keypoints_032698.jpg,Lying on belly,Lying on belly,맞음
livestock_pig_keypoints_032699.jpg,Lying on belly,Lying on belly,맞음
livestock_pig_keypoints_032700.jpg,Lying on belly,Lying on belly,맞음
livestock_pig_keypoints_032706.jpg,Lying on belly,Lying on belly,맞음
livestock_pig_keypoints_032707.jpg,Lying on side,Lying on belly,틀림
livestock_pig_keypoints_032709.jpg,Lying on belly,Lying on belly,맞음
livestock_pig_keypoints_032714.jpg,Lying on belly,Lying on belly,맞음
livestock_pig_keypoints_032719.jpg,Lying on belly,Lying on belly,맞음
livestock_pig_keypoints_032722.jpg,Lying on belly,Lying on belly,맞음
livestock_pig_keypoints_032723.jpg,Lying on side,Lying on belly,틀림
livestock_pig_keypoints_032728.jpg,Lying on belly,Lying on belly,맞음
livestock_pig_keypoints_032729.jpg,Lying on belly,Lying on belly,맞음
livestock_pig_keypoints_032733.jpg,Lying on belly,Lying on belly,맞음
livestock_pig_keypoints_032744.jpg,Lying on belly,Lying on belly,맞음
livestock_pig_keypoints_032749.jpg,Lying on belly,Lying on belly,맞음
livestock_pig_keypoints_032764.jpg,Lying on belly,Lying on belly,맞음
livestock_pig_keypoints_032765.jpg,Lying on belly,Lying on belly,맞음
livestock_pig_keypoints_032767.jpg,Lying on belly,Lying on belly,맞음
livestock_pig_keypoints_032770.jpg,Lying on belly,Lying on belly,맞음
livestock_pig_keypoints_032773.jpg,Lying on belly,Lying on belly,맞음
livestock_pig_keypoints_032777.jpg,Lying on belly,Lying on belly,맞음
livestock_pig_keypoints_032778.jpg,Lying on belly,Lying on belly,맞음
livestock_pig_keypoints_032779.jpg,Lying on belly,Lying on belly,맞음
livestock_pig_keypoints_032782.jpg,Lying on belly,Lying on belly,맞음
livestock_pig_keypoints_032788.jpg,Lying on belly,Lying on belly,맞음
livestock_pig_keypoints_032792.jpg,Lying on belly,Lying on belly,맞음
livestock_pig_keypoints_032793.jpg,Lying on belly,Lying on belly,맞음
livestock_pig_keypoints_032798.jpg,Lying on belly,Lying on belly,맞음
livestock_pig_keypoints_032802.jpg,Lying on belly,Lying on belly,맞음
livestock_pig_keypoints_032807.jpg,Lying on belly,Lying on belly,맞음
livestock_pig_keypoints_032808.jpg,Lying on belly,Lying on belly,맞음
livestock_pig_keypoints_032814.jpg,Lying on belly,Lying on belly,맞음
livestock_pig_keypoints_032818.jpg,Lying on side,Lying on belly,틀림
livestock_pig_keypoints_032825.jpg,Lying on belly,Lying on belly,맞음
livestock_pig_keypoints_032827.jpg,Lying on belly,Lying on belly,맞음
livestock_pig_keypoints_032833.jpg,Lying on belly,Lying on belly,맞음
livestock_pig_keypoints_032838.jpg,Sitting,Lying on belly,틀림
livestock_pig_keypoints_032839.jpg,Lying on belly,Lying on belly,맞음
livestock_pig_keypoints_032841.jpg,Lying on side,Lying on belly,틀림
livestock_pig_keypoints_032843.jpg,Lying on side,Lying on belly,틀림
livestock_pig_keypoints_032845.jpg,Lying on belly,Lying on belly,맞음
livestock_pig_keypoints_032847.jpg,Lying on side,Lying on belly,틀림
livestock_pig_keypoints_032851.jpg,Lying on belly,Lying on belly,맞음
livestock_pig_keypoints_032855.jpg,Lying on belly,Lying on belly,맞음
livestock_pig_keypoints_032856.jpg,Lying on belly,Lying on belly,맞음
livestock_pig_keypoints_032859.jpg,Lying on belly,Lying on belly,맞음
livestock_pig_keypoints_032873.jpg,Lying on belly,Lying on belly,맞음
livestock_pig_keypoints_032882.jpg,Lying on belly,Lying on belly,맞음
livestock_pig_keypoints_032884.jpg,Sitting,Lying on belly,틀림
livestock_pig_keypoints_032887.jpg,Lying on belly,Lying on belly,맞음
livestock_pig_keypoints_032901.jpg,Lying on belly,Lying on belly,맞음
livestock_pig_keypoints_032902.jpg,Standing,Lying on belly,틀림
livestock_pig_keypoints_032913.jpg,Lying on belly,Lying on belly,맞음
livestock_pig_keypoints_032916.jpg,Standing,Lying on belly,틀림
livestock_pig_keypoints_032928.jpg,Lying on belly,Lying on belly,맞음
livestock_pig_keypoints_032936.jpg,Lying on belly,Lying on belly,맞음
livestock_pig_keypoints_032939.jpg,Lying on belly,Lying on belly,맞음
livestock_pig_keypoints_032947.jpg,Lying on belly,Lying on belly,맞음
livestock_pig_keypoints_032957.jpg,Lying on belly,Lying on belly,맞음
livestock_pig_keypoints_032961.jpg,Lying on belly,Lying on belly,맞음
livestock_pig_keypoints_032972.jpg,Lying on side,Lying on belly,틀림
livestock_pig_keypoints_032974.jpg,Lying on belly,Lying on belly,맞음
livestock_pig_keypoints_032978.jpg,Lying on belly,Lying on belly,맞음
livestock_pig_keypoints_032981.jpg,Lying on belly,Lying on belly,맞음
livestock_pig_keypoints_032987.jpg,Sitting,Lying on belly,틀림
livestock_pig_keypoints_033007.jpg,Lying on belly,Lying on belly,맞음
livestock_pig_keypoints_033012.jpg,Lying on belly,Lying on belly,맞음
livestock_pig_keypoints_033013.jpg,Lying on side,Lying on belly,틀림
livestock_pig_keypoints_033025.jpg,Lying on belly,Lying on belly,맞음
livestock_pig_keypoints_033029.jpg,Lying on belly,Lying on belly,맞음
livestock_pig_keypoints_033030.jpg,Lying on belly,Lying on belly,맞음
livestock_pig_keypoints_033042.jpg,Lying on belly,Lying on belly,맞음
livestock_pig_keypoints_033043.jpg,Lying on side,Lying on belly,틀림
livestock_pig_keypoints_033045.jpg,Sitting,Lying on belly,틀림
livestock_pig_keypoints_033048.jpg,Standing,Lying on belly,틀림
livestock_pig_keypoints_033050.jpg,Standing,Lying on belly,틀림
livestock_pig_keypoints_033061.jpg,Lying on belly,Lying on belly,맞음
livestock_pig_keypoints_033063.jpg,Lying on belly,Lying on belly,맞음
livestock_pig_keypoints_033068.jpg,Lying on side,Lying on belly,틀림
livestock_pig_keypoints_033071.jpg,Lying on belly,Lying on belly,맞음
livestock_pig_keypoints_033075.jpg,Lying on belly,Lying on belly,맞음
livestock_pig_keypoints_033076.jpg,Lying on belly,Lying on belly,맞음
livestock_pig_keypoints_033083.jpg,Lying on belly,Lying on belly,맞음
livestock_pig_keypoints_033085.jpg,Lying on belly,Lying on belly,맞음
livestock_pig_keypoints_033093.jpg,Lying on belly,Lying on belly,맞음
livestock_pig_keypoints_033095.jpg,Lying on belly,Lying on belly,맞음
livestock_pig_keypoints_033101.jpg,Lying on belly,Lying on belly,맞음
livestock_pig_keypoints_033104.jpg,Lying on belly,Lying on belly,맞음
livestock_pig_keypoints_033117.jpg,Lying on belly,Lying on belly,맞음
livestock_pig_keypoints_033127.jpg,Lying on side,Lying on belly,틀림
livestock_pig_keypoints_033131.jpg,Standing,Lying on belly,틀림
livestock_pig_keypoints_033133.jpg,Lying on belly,Lying on belly,맞음
livestock_pig_keypoints_033137.jpg,Lying on belly,Lying on belly,맞음
livestock_pig_keypoints_033140.jpg,Lying on belly,Lying on belly,맞음
livestock_pig_keypoints_033142.jpg,Lying on belly,Lying on belly,맞음
livestock_pig_keypoints_033145.jpg,Lying on belly,Lying on belly,맞음
livestock_pig_keypoints_033147.jpg,Lying on belly,Lying on belly,맞음
livestock_pig_keypoints_033148.jpg,Lying on belly,Lying on belly,맞음
livestock_pig_keypoints_033153.jpg,Lying on belly,Lying on belly,맞음
livestock_pig_keypoints_033156.jpg,Lying on belly,Lying on belly,맞음
livestock_pig_keypoints_033159.jpg,Lying on belly,Lying on belly,맞음
livestock_pig_keypoints_033165.jpg,Lying on belly,Lying on belly,맞음
livestock_pig_keypoints_033168.jpg,Lying on belly,Lying on belly,맞음
livestock_pig_keypoints_033170.jpg,Lying on belly,Lying on belly,맞음
livestock_pig_keypoints_033175.jpg,Lying on belly,Lying on belly,맞음
livestock_pig_keypoints_033178.jpg,Lying on belly,Lying on belly,맞음
livestock_pig_keypoints_033180.jpg,Lying on belly,Lying on belly,맞음
livestock_pig_keypoints_033181.jpg,Lying on belly,Lying on belly,맞음
livestock_pig_keypoints_033184.jpg,Lying on belly,Lying on belly,맞음
livestock_pig_keypoints_033188.jpg,Lying on belly,Lying on belly,맞음
livestock_pig_keypoints_033189.jpg,Lying on belly,Lying on belly,맞음
livestock_pig_keypoints_033191.jpg,Lying on side,Lying on belly,틀림
livestock_pig_keypoints_033192.jpg,Lying on belly,Lying on belly,맞음
livestock_pig_keypoints_033193.jpg,Lying on belly,Lying on belly,맞음
livestock_pig_keypoints_033197.jpg,Lying on belly,Lying on belly,맞음
livestock_pig_keypoints_033199.jpg,Lying on belly,Lying on belly,맞음
livestock_pig_keypoints_033201.jpg,Lying on side,Lying on belly,틀림
livestock_pig_keypoints_033202.jpg,Lying on belly,Lying on belly,맞음
livestock_pig_keypoints_033207.jpg,Lying on belly,Lying on belly,맞음
livestock_pig_keypoints_033208.jpg,Lying on belly,Lying on belly,맞음
livestock_pig_keypoints_033209.jpg,Lying on belly,Lying on belly,맞음
livestock_pig_keypoints_033220.jpg,Lying on belly,Lying on belly,맞음
livestock_pig_keypoints_033221.jpg,Lying on belly,Lying on belly,맞음
livestock_pig_keypoints_033223.jpg,Lying on belly,Lying on belly,맞음
livestock_pig_keypoints_033225.jpg,Lying on belly,Lying on belly,맞음
livestock_pig_keypoints_033229.jpg,Lying on belly,Lying on belly,맞음
livestock_pig_keypoints_033231.jpg,Lying on belly,Lying on belly,맞음
livestock_pig_keypoints_033243.jpg,Lying on belly,Lying on belly,맞음
livestock_pig_keypoints_033246.jpg,Standing,Lying on belly,틀림
livestock_pig_keypoints_033248.jpg,Sitting,Lying on belly,틀림
livestock_pig_keypoints_033250.jpg,Lying on belly,Lying on belly,맞음
livestock_pig_keypoints_015454.jpg,Lying on side,Lying on side,맞음
livestock_pig_keypoints_015455.jpg,Lying on side,Lying on side,맞음
livestock_pig_keypoints_015457.jpg,Lying on side,Lying on side,맞음
livestock_pig_keypoints_015459.jpg,Lying on side,Lying on side,맞음
livestock_pig_keypoints_015467.jpg,Lying on side,Lying on side,맞음
livestock_pig_keypoints_015468.jpg,Lying on belly,Lying on side,틀림
livestock_pig_keypoints_015469.jpg,Lying on side,Lying on side,맞음
livestock_pig_keypoints_015470.jpg,Lying on side,Lying on side,맞음
livestock_pig_keypoints_015474.jpg,Lying on side,Lying on side,맞음
livestock_pig_keypoints_015475.jpg,Lying on side,Lying on side,맞음
livestock_pig_keypoints_015476.jpg,Lying on side,Lying on side,맞음
livestock_pig_keypoints_015480.jpg,Lying on side,Lying on side,맞음
livestock_pig_keypoints_015481.jpg,Lying on side,Lying on side,맞음
livestock_pig_keypoints_015483.jpg,Lying on side,Lying on side,맞음
livestock_pig_keypoints_015485.jpg,Lying on side,Lying on side,맞음
livestock_pig_keypoints_015486.jpg,Lying on side,Lying on side,맞음
livestock_pig_keypoints_015487.jpg,Lying on side,Lying on side,맞음
livestock_pig_keypoints_015488.jpg,Lying on side,Lying on side,맞음
livestock_pig_keypoints_015494.jpg,Lying on side,Lying on side,맞음
livestock_pig_keypoints_015495.jpg,Lying on side,Lying on side,맞음
livestock_pig_keypoints_015496.jpg,Lying on side,Lying on side,맞음
livestock_pig_keypoints_015497.jpg,Lying on side,Lying on side,맞음
livestock_pig_keypoints_015500.jpg,Lying on side,Lying on side,맞음
livestock_pig_keypoints_015501.jpg,Lying on side,Lying on side,맞음
livestock_pig_keypoints_015502.jpg,Lying on side,Lying on side,맞음
livestock_pig_keypoints_015503.jpg,Lying on side,Lying on side,맞음
livestock_pig_keypoints_015504.jpg,Lying on side,Lying on side,맞음
livestock_pig_keypoints_015505.jpg,Lying on side,Lying on side,맞음
livestock_pig_keypoints_015508.jpg,Lying on side,Lying on side,맞음
livestock_pig_keypoints_015509.jpg,Lying on side,Lying on side,맞음
livestock_pig_keypoints_015511.jpg,Lying on side,Lying on side,맞음
livestock_pig_keypoints_015513.jpg,Lying on side,Lying on side,맞음
livestock_pig_keypoints_015514.jpg,Lying on side,Lying on side,맞음
livestock_pig_keypoints_015518.jpg,Lying on side,Lying on side,맞음
livestock_pig_keypoints_015519.jpg,Lying on side,Lying on side,맞음
livestock_pig_keypoints_015521.jpg,Lying on side,Lying on side,맞음
livestock_pig_keypoints_015522.jpg,Lying on side,Lying on side,맞음
livestock_pig_keypoints_015523.jpg,Lying on side,Lying on side,맞음
livestock_pig_keypoints_015524.jpg,Lying on side,Lying on side,맞음
livestock_pig_keypoints_015526.jpg,Lying on side,Lying on side,맞음
livestock_pig_keypoints_015530.jpg,Lying on side,Lying on side,맞음
livestock_pig_keypoints_015532.jpg,Lying on side,Lying on side,맞음
livestock_pig_keypoints_015534.jpg,Lying on side,Lying on side,맞음
livestock_pig_keypoints_015535.jpg,Lying on side,Lying on side,맞음
livestock_pig_keypoints_015537.jpg,Lying on side,Lying on side,맞음
livestock_pig_keypoints_015538.jpg,Lying on side,Lying on side,맞음
livestock_pig_keypoints_015539.jpg,Lying on side,Lying on side,맞음
livestock_pig_keypoints_015540.jpg,Lying on side,Lying on side,맞음
livestock_pig_keypoints_015541.jpg,Lying on side,Lying on side,맞음
livestock_pig_keypoints_015542.jpg,Lying on side,Lying on side,맞음
livestock_pig_keypoints_015543.jpg,Lying on side,Lying on side,맞음
livestock_pig_keypoints_015544.jpg,Lying on side,Lying on side,맞음
livestock_pig_keypoints_015545.jpg,Lying on side,Lying on side,맞음
livestock_pig_keypoints_015546.jpg,Lying on side,Lying on side,맞음
livestock_pig_keypoints_015548.jpg,Lying on side,Lying on side,맞음
livestock_pig_keypoints_015552.jpg,Lying on side,Lying on side,맞음
livestock_pig_keypoints_015553.jpg,Lying on side,Lying on side,맞음
livestock_pig_keypoints_015554.jpg,Lying on side,Lying on side,맞음
livestock_pig_keypoints_015556.jpg,Lying on side,Lying on side,맞음
livestock_pig_keypoints_015557.jpg,Lying on side,Lying on side,맞음
livestock_pig_keypoints_015558.jpg,Lying on side,Lying on side,맞음
livestock_pig_keypoints_015560.jpg,Lying on side,Lying on side,맞음
livestock_pig_keypoints_015562.jpg,Lying on side,Lying on side,맞음
livestock_pig_keypoints_015563.jpg,Lying on side,Lying on side,맞음
livestock_pig_keypoints_015564.jpg,Lying on side,Lying on side,맞음
livestock_pig_keypoints_015565.jpg,Lying on side,Lying on side,맞음
livestock_pig_keypoints_015566.jpg,Lying on side,Lying on side,맞음
livestock_pig_keypoints_015567.jpg,Lying on side,Lying on side,맞음
livestock_pig_keypoints_015570.jpg,Lying on side,Lying on side,맞음
livestock_pig_keypoints_015571.jpg,Lying on side,Lying on side,맞음
livestock_pig_keypoints_015572.jpg,Lying on side,Lying on side,맞음
livestock_pig_keypoints_015573.jpg,Lying on side,Lying on side,맞음
livestock_pig_keypoints_015575.jpg,Lying on side,Lying on side,맞음
livestock_pig_keypoints_015576.jpg,Lying on side,Lying on side,맞음
livestock_pig_keypoints_015578.jpg,Lying on side,Lying on side,맞음
livestock_pig_keypoints_015579.jpg,Lying on side,Lying on side,맞음
livestock_pig_keypoints_015583.jpg,Lying on side,Lying on side,맞음
livestock_pig_keypoints_015585.jpg,Lying on side,Lying on side,맞음
livestock_pig_keypoints_015590.jpg,Lying on side,Lying on side,맞음
livestock_pig_keypoints_015591.jpg,Lying on side,Lying on side,맞음
livestock_pig_keypoints_015592.jpg,Lying on side,Lying on side,맞음
livestock_pig_keypoints_015595.jpg,Lying on side,Lying on side,맞음
livestock_pig_keypoints_015596.jpg,Standing,Lying on side,틀림
livestock_pig_keypoints_015599.jpg,Lying on side,Lying on side,맞음
livestock_pig_keypoints_015602.jpg,Lying on side,Lying on side,맞음
livestock_pig_keypoints_015603.jpg,Lying on side,Lying on side,맞음
livestock_pig_keypoints_015604.jpg,Lying on side,Lying on side,맞음
livestock_pig_keypoints_015607.jpg,Lying on side,Lying on side,맞음
livestock_pig_keypoints_015609.jpg,Lying on side,Lying on side,맞음
livestock_pig_keypoints_015612.jpg,Lying on side,Lying on side,맞음
livestock_pig_keypoints_015616.jpg,Lying on side,Lying on side,맞음
livestock_pig_keypoints_015617.jpg,Lying on side,Lying on side,맞음
livestock_pig_keypoints_015618.jpg,Lying on side,Lying on side,맞음
livestock_pig_keypoints_015619.jpg,Lying on side,Lying on side,맞음
livestock_pig_keypoints_015620.jpg,Lying on side,Lying on side,맞음
livestock_pig_keypoints_015621.jpg,Lying on side,Lying on side,맞음
livestock_pig_keypoints_015624.jpg,Lying on side,Lying on side,맞음
livestock_pig_keypoints_015626.jpg,Lying on side,Lying on side,맞음
livestock_pig_keypoints_015629.jpg,Lying on side,Lying on side,맞음
livestock_pig_keypoints_015632.jpg,Lying on side,Lying on side,맞음
livestock_pig_keypoints_015634.jpg,Lying on side,Lying on side,맞음
livestock_pig_keypoints_015636.jpg,Lying on side,Lying on side,맞음
livestock_pig_keypoints_015637.jpg,Lying on side,Lying on side,맞음
livestock_pig_keypoints_015639.jpg,Lying on side,Lying on side,맞음
livestock_pig_keypoints_015640.jpg,Lying on side,Lying on side,맞음
livestock_pig_keypoints_015642.jpg,Lying on side,Lying on side,맞음
livestock_pig_keypoints_015643.jpg,Lying on side,Lying on side,맞음
livestock_pig_keypoints_015651.jpg,Lying on side,Lying on side,맞음
livestock_pig_keypoints_015652.jpg,Lying on side,Lying on side,맞음
livestock_pig_keypoints_015654.jpg,Lying on side,Lying on side,맞음
livestock_pig_keypoints_015655.jpg,Lying on side,Lying on side,맞음
livestock_pig_keypoints_015657.jpg,Lying on side,Lying on side,맞음
livestock_pig_keypoints_015662.jpg,Lying on side,Lying on side,맞음
livestock_pig_keypoints_015663.jpg,Lying on side,Lying on side,맞음
livestock_pig_keypoints_015664.jpg,Lying on side,Lying on side,맞음
livestock_pig_keypoints_015665.jpg,Lying on side,Lying on side,맞음
livestock_pig_keypoints_015670.jpg,Lying on side,Lying on side,맞음
livestock_pig_keypoints_015671.jpg,Lying on side,Lying on side,맞음
livestock_pig_keypoints_015673.jpg,Lying on side,Lying on side,맞음
livestock_pig_keypoints_015675.jpg,Lying on side,Lying on side,맞음
livestock_pig_keypoints_015679.jpg,Lying on side,Lying on side,맞음
livestock_pig_keypoints_015680.jpg,Lying on side,Lying on side,맞음
livestock_pig_keypoints_015687.jpg,Lying on side,Lying on side,맞음
livestock_pig_keypoints_015688.jpg,Lying on side,Lying on side,맞음
livestock_pig_keypoints_015689.jpg,Lying on side,Lying on side,맞음
livestock_pig_keypoints_015690.jpg,Lying on side,Lying on side,맞음
livestock_pig_keypoints_015692.jpg,Lying on side,Lying on side,맞음
livestock_pig_keypoints_015694.jpg,Lying on side,Lying on side,맞음
livestock_pig_keypoints_015695.jpg,Lying on side,Lying on side,맞음
livestock_pig_keypoints_015696.jpg,Lying on side,Lying on side,맞음
livestock_pig_keypoints_015697.jpg,Lying on side,Lying on side,맞음
livestock_pig_keypoints_015698.jpg,Lying on side,Lying on side,맞음
livestock_pig_keypoints_015699.jpg,Lying on side,Lying on side,맞음
livestock_pig_keypoints_015700.jpg,Lying on side,Lying on side,맞음
livestock_pig_keypoints_015701.jpg,Lying on side,Lying on side,맞음
livestock_pig_keypoints_015702.jpg,Lying on side,Lying on side,맞음
livestock_pig_keypoints_015704.jpg,Lying on side,Lying on side,맞음
livestock_pig_keypoints_015705.jpg,Lying on side,Lying on side,맞음
livestock_pig_keypoints_015706.jpg,Lying on side,Lying on side,맞음
livestock_pig_keypoints_015707.jpg,Lying on side,Lying on side,맞음
livestock_pig_keypoints_015708.jpg,Lying on side,Lying on side,맞음
livestock_pig_keypoints_015709.jpg,Lying on belly,Lying on side,틀림
livestock_pig_keypoints_015711.jpg,Lying on side,Lying on side,맞음
livestock_pig_keypoints_015712.jpg,Lying on side,Lying on side,맞음
livestock_pig_keypoints_015713.jpg,Lying on side,Lying on side,맞음
livestock_pig_keypoints_015714.jpg,Lying on side,Lying on side,맞음
livestock_pig_keypoints_015717.jpg,Lying on side,Lying on side,맞음
livestock_pig_keypoints_015718.jpg,Lying on side,Lying on side,맞음
livestock_pig_keypoints_015720.jpg,Lying on side,Lying on side,맞음
livestock_pig_keypoints_015723.jpg,Lying on side,Lying on side,맞음
livestock_pig_keypoints_015724.jpg,Lying on side,Lying on side,맞음
livestock_pig_keypoints_015725.jpg,Lying on side,Lying on side,맞음
livestock_pig_keypoints_015732.jpg,Lying on side,Lying on side,맞음
livestock_pig_keypoints_015735.jpg,Lying on side,Lying on side,맞음
livestock_pig_keypoints_015741.jpg,Lying on side,Lying on side,맞음
livestock_pig_keypoints_015742.jpg,Lying on side,Lying on side,맞음
livestock_pig_keypoints_015745.jpg,Lying on side,Lying on side,맞음
livestock_pig_keypoints_015746.jpg,Lying on side,Lying on side,맞음
livestock_pig_keypoints_015748.jpg,Lying on side,Lying on side,맞음
livestock_pig_keypoints_031502.jpg,Lying on side,Lying on side,맞음
livestock_pig_keypoints_031505.jpg,Lying on side,Lying on side,맞음
livestock_pig_keypoints_031508.jpg,Lying on side,Lying on side,맞음
livestock_pig_keypoints_031509.jpg,Lying on side,Lying on side,맞음
livestock_pig_keypoints_031510.jpg,Lying on side,Lying on side,맞음
livestock_pig_keypoints_031512.jpg,Lying on side,Lying on side,맞음
livestock_pig_keypoints_031513.jpg,Lying on side,Lying on side,맞음
livestock_pig_keypoints_031514.jpg,Lying on side,Lying on side,맞음
livestock_pig_keypoints_031515.jpg,Lying on side,Lying on side,맞음
livestock_pig_keypoints_031516.jpg,Lying on side,Lying on side,맞음
livestock_pig_keypoints_031517.jpg,Lying on side,Lying on side,맞음
livestock_pig_keypoints_031518.jpg,Lying on side,Lying on side,맞음
livestock_pig_keypoints_031519.jpg,Lying on side,Lying on side,맞음
livestock_pig_keypoints_031520.jpg,Standing,Lying on side,틀림
livestock_pig_keypoints_031522.jpg,Lying on side,Lying on side,맞음
livestock_pig_keypoints_031523.jpg,Lying on side,Lying on side,맞음
livestock_pig_keypoints_031524.jpg,Lying on side,Lying on side,맞음
livestock_pig_keypoints_031525.jpg,Lying on side,Lying on side,맞음
livestock_pig_keypoints_031526.jpg,Lying on side,Lying on side,맞음
livestock_pig_keypoints_031527.jpg,Lying on side,Lying on side,맞음
livestock_pig_keypoints_031529.jpg,Lying on side,Lying on side,맞음
livestock_pig_keypoints_031530.jpg,Lying on side,Lying on side,맞음
livestock_pig_keypoints_031533.jpg,Lying on side,Lying on side,맞음
livestock_pig_keypoints_031534.jpg,Lying on side,Lying on side,맞음
livestock_pig_keypoints_031535.jpg,Lying on side,Lying on side,맞음
livestock_pig_keypoints_031537.jpg,Lying on side,Lying on side,맞음
livestock_pig_keypoints_031538.jpg,Lying on side,Lying on side,맞음
livestock_pig_keypoints_031540.jpg,Lying on side,Lying on side,맞음
livestock_pig_keypoints_031541.jpg,Lying on side,Lying on side,맞음
livestock_pig_keypoints_031542.jpg,Lying on side,Lying on side,맞음
livestock_pig_keypoints_031543.jpg,Lying on side,Lying on side,맞음
livestock_pig_keypoints_031546.jpg,Lying on side,Lying on side,맞음
livestock_pig_keypoints_031547.jpg,Lying on side,Lying on side,맞음
livestock_pig_keypoints_031549.jpg,Lying on side,Lying on side,맞음
livestock_pig_keypoints_031550.jpg,Lying on side,Lying on side,맞음
livestock_pig_keypoints_031551.jpg,Lying on belly,Lying on side,틀림
livestock_pig_keypoints_031552.jpg,Lying on side,Lying on side,맞음
livestock_pig_keypoints_031556.jpg,Lying on side,Lying on side,맞음
livestock_pig_keypoints_031557.jpg,Lying on side,Lying on side,맞음
livestock_pig_keypoints_031561.jpg,Lying on side,Lying on side,맞음
livestock_pig_keypoints_031563.jpg,Lying on side,Lying on side,맞음
livestock_pig_keypoints_031565.jpg,Lying on side,Lying on side,맞음
livestock_pig_keypoints_031568.jpg,Lying on side,Lying on side,맞음
livestock_pig_keypoints_031570.jpg,Lying on side,Lying on side,맞음
livestock_pig_keypoints_031571.jpg,Lying on side,Lying on side,맞음
livestock_pig_keypoints_031572.jpg,Lying on side,Lying on side,맞음
livestock_pig_keypoints_031574.jpg,Lying on side,Lying on side,맞음
livestock_pig_keypoints_031575.jpg,Lying on side,Lying on side,맞음
livestock_pig_keypoints_031578.jpg,Lying on side,Lying on side,맞음
livestock_pig_keypoints_031581.jpg,Lying on side,Lying on side,맞음
livestock_pig_keypoints_031582.jpg,Lying on side,Lying on side,맞음
livestock_pig_keypoints_031583.jpg,Lying on side,Lying on side,맞음
livestock_pig_keypoints_031587.jpg,Lying on side,Lying on side,맞음
livestock_pig_keypoints_031591.jpg,Lying on side,Lying on side,맞음
livestock_pig_keypoints_031592.jpg,Lying on side,Lying on side,맞음
livestock_pig_keypoints_031594.jpg,Lying on side,Lying on side,맞음
livestock_pig_keypoints_031595.jpg,Lying on side,Lying on side,맞음
livestock_pig_keypoints_031596.jpg,Lying on side,Lying on side,맞음
livestock_pig_keypoints_031597.jpg,Lying on side,Lying on side,맞음
livestock_pig_keypoints_031598.jpg,Lying on side,Lying on side,맞음
livestock_pig_keypoints_031599.jpg,Lying on side,Lying on side,맞음
livestock_pig_keypoints_031600.jpg,Lying on side,Lying on side,맞음
livestock_pig_keypoints_031601.jpg,Lying on side,Lying on side,맞음
livestock_pig_keypoints_031602.jpg,Lying on side,Lying on side,맞음
livestock_pig_keypoints_031604.jpg,Lying on side,Lying on side,맞음
livestock_pig_keypoints_031605.jpg,Lying on side,Lying on side,맞음
livestock_pig_keypoints_031606.jpg,Lying on belly,Lying on side,틀림
livestock_pig_keypoints_031607.jpg,Lying on side,Lying on side,맞음
livestock_pig_keypoints_031608.jpg,Lying on side,Lying on side,맞음
livestock_pig_keypoints_031609.jpg,Lying on side,Lying on side,맞음
livestock_pig_keypoints_031611.jpg,Lying on side,Lying on side,맞음
livestock_pig_keypoints_031616.jpg,Lying on side,Lying on side,맞음
livestock_pig_keypoints_031617.jpg,Lying on side,Lying on side,맞음
livestock_pig_keypoints_031619.jpg,Lying on side,Lying on side,맞음
livestock_pig_keypoints_031620.jpg,Lying on side,Lying on side,맞음
livestock_pig_keypoints_031621.jpg,Lying on side,Lying on side,맞음
livestock_pig_keypoints_031622.jpg,Lying on side,Lying on side,맞음
livestock_pig_keypoints_031623.jpg,Lying on side,Lying on side,맞음
livestock_pig_keypoints_031627.jpg,Lying on side,Lying on side,맞음
livestock_pig_keypoints_031628.jpg,Lying on side,Lying on side,맞음
livestock_pig_keypoints_031630.jpg,Lying on belly,Lying on side,틀림
livestock_pig_keypoints_031632.jpg,Lying on side,Lying on side,맞음
livestock_pig_keypoints_031633.jpg,Lying on side,Lying on side,맞음
livestock_pig_keypoints_031634.jpg,Lying on side,Lying on side,맞음
livestock_pig_keypoints_031636.jpg,Lying on side,Lying on side,맞음
livestock_pig_keypoints_031638.jpg,Lying on side,Lying on side,맞음
livestock_pig_keypoints_031639.jpg,Lying on side,Lying on side,맞음
livestock_pig_keypoints_031641.jpg,Lying on side,Lying on side,맞음
livestock_pig_keypoints_031642.jpg,Lying on side,Lying on side,맞음
livestock_pig_keypoints_031643.jpg,Lying on side,Lying on side,맞음
livestock_pig_keypoints_031647.jpg,Lying on side,Lying on side,맞음
livestock_pig_keypoints_031649.jpg,Lying on side,Lying on side,맞음
livestock_pig_keypoints_031650.jpg,Lying on side,Lying on side,맞음
livestock_pig_keypoints_031652.jpg,Lying on side,Lying on side,맞음
livestock_pig_keypoints_031653.jpg,Lying on belly,Lying on side,틀림
livestock_pig_keypoints_031654.jpg,Lying on side,Lying on side,맞음
livestock_pig_keypoints_031656.jpg,Lying on side,Lying on side,맞음
livestock_pig_keypoints_031657.jpg,Lying on side,Lying on side,맞음
livestock_pig_keypoints_031658.jpg,Lying on side,Lying on side,맞음
livestock_pig_keypoints_031660.jpg,Lying on side,Lying on side,맞음
livestock_pig_keypoints_031661.jpg,Lying on side,Lying on side,맞음
livestock_pig_keypoints_031662.jpg,Lying on side,Lying on side,맞음
livestock_pig_keypoints_031663.jpg,Lying on side,Lying on side,맞음
livestock_pig_keypoints_031664.jpg,Lying on side,Lying on side,맞음
livestock_pig_keypoints_031665.jpg,Lying on side,Lying on side,맞음
livestock_pig_keypoints_031666.jpg,Lying on side,Lying on side,맞음
livestock_pig_keypoints_031667.jpg,Lying on side,Lying on side,맞음
livestock_pig_keypoints_031670.jpg,Lying on side,Lying on side,맞음
livestock_pig_keypoints_031671.jpg,Lying on side,Lying on side,맞음
livestock_pig_keypoints_031673.jpg,Lying on side,Lying on side,맞음
livestock_pig_keypoints_031674.jpg,Lying on side,Lying on side,맞음
livestock_pig_keypoints_031675.jpg,Lying on side,Lying on side,맞음
livestock_pig_keypoints_031677.jpg,Lying on side,Lying on side,맞음
livestock_pig_keypoints_031680.jpg,Lying on side,Lying on side,맞음
livestock_pig_keypoints_031682.jpg,Lying on side,Lying on side,맞음
livestock_pig_keypoints_031683.jpg,Lying on side,Lying on side,맞음
livestock_pig_keypoints_031684.jpg,Lying on side,Lying on side,맞음
livestock_pig_keypoints_031686.jpg,Lying on side,Lying on side,맞음
livestock_pig_keypoints_031687.jpg,Lying on side,Lying on side,맞음
livestock_pig_keypoints_031688.jpg,Lying on side,Lying on side,맞음
livestock_pig_keypoints_031689.jpg,Lying on side,Lying on side,맞음
livestock_pig_keypoints_031690.jpg,Lying on belly,Lying on side,틀림
livestock_pig_keypoints_031692.jpg,Lying on side,Lying on side,맞음
livestock_pig_keypoints_031693.jpg,Lying on side,Lying on side,맞음
livestock_pig_keypoints_031694.jpg,Lying on side,Lying on side,맞음
livestock_pig_keypoints_031695.jpg,Lying on side,Lying on side,맞음
livestock_pig_keypoints_031696.jpg,Lying on side,Lying on side,맞음
livestock_pig_keypoints_031697.jpg,Lying on side,Lying on side,맞음
livestock_pig_keypoints_031701.jpg,Lying on side,Lying on side,맞음
livestock_pig_keypoints_031702.jpg,Lying on side,Lying on side,맞음
livestock_pig_keypoints_031703.jpg,Lying on side,Lying on side,맞음
livestock_pig_keypoints_031704.jpg,Lying on side,Lying on side,맞음
livestock_pig_keypoints_031705.jpg,Lying on side,Lying on side,맞음
livestock_pig_keypoints_031706.jpg,Lying on side,Lying on side,맞음
livestock_pig_keypoints_031708.jpg,Lying on side,Lying on side,맞음
livestock_pig_keypoints_031711.jpg,Lying on side,Lying on side,맞음
livestock_pig_keypoints_031712.jpg,Lying on side,Lying on side,맞음
livestock_pig_keypoints_031715.jpg,Lying on side,Lying on side,맞음
livestock_pig_keypoints_031716.jpg,Lying on side,Lying on side,맞음
livestock_pig_keypoints_031717.jpg,Lying on side,Lying on side,맞음
livestock_pig_keypoints_031718.jpg,Lying on side,Lying on side,맞음
livestock_pig_keypoints_031719.jpg,Lying on side,Lying on side,맞음
livestock_pig_keypoints_031722.jpg,Lying on side,Lying on side,맞음
livestock_pig_keypoints_031724.jpg,Lying on side,Lying on side,맞음
livestock_pig_keypoints_031725.jpg,Lying on side,Lying on side,맞음
livestock_pig_keypoints_031727.jpg,Lying on side,Lying on side,맞음
livestock_pig_keypoints_031728.jpg,Lying on side,Lying on side,맞음
livestock_pig_keypoints_031734.jpg,Lying on side,Lying on side,맞음
livestock_pig_keypoints_031735.jpg,Lying on side,Lying on side,맞음
livestock_pig_keypoints_031738.jpg,Lying on side,Lying on side,맞음
livestock_pig_keypoints_031739.jpg,Lying on side,Lying on side,맞음
livestock_pig_keypoints_031740.jpg,Lying on side,Lying on side,맞음
livestock_pig_keypoints_031743.jpg,Sitting,Lying on side,틀림
livestock_pig_keypoints_031744.jpg,Lying on belly,Lying on side,틀림
livestock_pig_keypoints_031745.jpg,Lying on side,Lying on side,맞음
livestock_pig_keypoints_031747.jpg,Lying on side,Lying on side,맞음
livestock_pig_keypoints_031748.jpg,Lying on side,Lying on side,맞음
livestock_pig_keypoints_031753.jpg,Lying on side,Lying on side,맞음
livestock_pig_keypoints_031754.jpg,Standing,Lying on side,틀림
livestock_pig_keypoints_031755.jpg,Lying on side,Lying on side,맞음
livestock_pig_keypoints_031756.jpg,Lying on side,Lying on side,맞음
livestock_pig_keypoints_031759.jpg,Lying on side,Lying on side,맞음
livestock_pig_keypoints_031760.jpg,Lying on side,Lying on side,맞음
livestock_pig_keypoints_031761.jpg,Lying on side,Lying on side,맞음
livestock_pig_keypoints_031763.jpg,Lying on side,Lying on side,맞음
livestock_pig_keypoints_031765.jpg,Lying on side,Lying on side,맞음
livestock_pig_keypoints_031766.jpg,Lying on side,Lying on side,맞음
livestock_pig_keypoints_031768.jpg,Lying on side,Lying on side,맞음
livestock_pig_keypoints_031770.jpg,Lying on side,Lying on side,맞음
livestock_pig_keypoints_031771.jpg,Lying on side,Lying on side,맞음
livestock_pig_keypoints_031773.jpg,Lying on side,Lying on side,맞음
livestock_pig_keypoints_031774.jpg,Lying on side,Lying on side,맞음
livestock_pig_keypoints_031776.jpg,Lying on side,Lying on side,맞음
livestock_pig_keypoints_031777.jpg,Lying on side,Lying on side,맞음
livestock_pig_keypoints_031778.jpg,Lying on side,Lying on side,맞음
livestock_pig_keypoints_031779.jpg,Lying on side,Lying on side,맞음
livestock_pig_keypoints_031780.jpg,Lying on side,Lying on side,맞음
livestock_pig_keypoints_031781.jpg,Lying on side,Lying on side,맞음
livestock_pig_keypoints_031782.jpg,Lying on side,Lying on side,맞음
livestock_pig_keypoints_031783.jpg,Lying on side,Lying on side,맞음
livestock_pig_keypoints_031785.jpg,Lying on side,Lying on side,맞음
livestock_pig_keypoints_031786.jpg,Lying on side,Lying on side,맞음
livestock_pig_keypoints_031788.jpg,Lying on side,Lying on side,맞음
livestock_pig_keypoints_031789.jpg,Lying on side,Lying on side,맞음
livestock_pig_keypoints_031792.jpg,Lying on side,Lying on side,맞음
livestock_pig_keypoints_031793.jpg,Lying on side,Lying on side,맞음
livestock_pig_keypoints_031795.jpg,Lying on side,Lying on side,맞음
livestock_pig_keypoints_031796.jpg,Lying on side,Lying on side,맞음
livestock_pig_keypoints_031798.jpg,Lying on side,Lying on side,맞음
livestock_pig_keypoints_031799.jpg,Lying on side,Lying on side,맞음
livestock_pig_keypoints_031800.jpg,Lying on side,Lying on side,맞음
livestock_pig_keypoints_031803.jpg,Lying on side,Lying on side,맞음
livestock_pig_keypoints_031805.jpg,Lying on side,Lying on side,맞음
livestock_pig_keypoints_031806.jpg,Lying on side,Lying on side,맞음
livestock_pig_keypoints_031807.jpg,Lying on side,Lying on side,맞음
livestock_pig_keypoints_031809.jpg,Lying on side,Lying on side,맞음
livestock_pig_keypoints_031811.jpg,Lying on side,Lying on side,맞음
livestock_pig_keypoints_031812.jpg,Lying on belly,Lying on side,틀림
livestock_pig_keypoints_031816.jpg,Lying on side,Lying on side,맞음
livestock_pig_keypoints_031820.jpg,Lying on side,Lying on side,맞음
livestock_pig_keypoints_031821.jpg,Lying on side,Lying on side,맞음
livestock_pig_keypoints_031822.jpg,Lying on side,Lying on side,맞음
livestock_pig_keypoints_031823.jpg,Lying on side,Lying on side,맞음
livestock_pig_keypoints_031824.jpg,Lying on side,Lying on side,맞음
livestock_pig_keypoints_031826.jpg,Lying on side,Lying on side,맞음
livestock_pig_keypoints_031827.jpg,Lying on side,Lying on side,맞음
livestock_pig_keypoints_031829.jpg,Lying on side,Lying on side,맞음
livestock_pig_keypoints_031830.jpg,Lying on side,Lying on side,맞음
livestock_pig_keypoints_031831.jpg,Lying on side,Lying on side,맞음
livestock_pig_keypoints_031832.jpg,Lying on side,Lying on side,맞음
livestock_pig_keypoints_031834.jpg,Lying on side,Lying on side,맞음
livestock_pig_keypoints_031835.jpg,Lying on side,Lying on side,맞음
livestock_pig_keypoints_031836.jpg,Lying on side,Lying on side,맞음
livestock_pig_keypoints_031838.jpg,Lying on side,Lying on side,맞음
livestock_pig_keypoints_031839.jpg,Lying on side,Lying on side,맞음
livestock_pig_keypoints_031840.jpg,Lying on side,Lying on side,맞음
livestock_pig_keypoints_031841.jpg,Lying on side,Lying on side,맞음
livestock_pig_keypoints_031842.jpg,Lying on side,Lying on side,맞음
livestock_pig_keypoints_031843.jpg,Lying on side,Lying on side,맞음
livestock_pig_keypoints_031847.jpg,Lying on side,Lying on side,맞음
livestock_pig_keypoints_031849.jpg,Lying on side,Lying on side,맞음
livestock_pig_keypoints_031851.jpg,Lying on side,Lying on side,맞음
livestock_pig_keypoints_031852.jpg,Lying on side,Lying on side,맞음
livestock_pig_keypoints_031853.jpg,Lying on side,Lying on side,맞음
livestock_pig_keypoints_031856.jpg,Lying on side,Lying on side,맞음
livestock_pig_keypoints_031859.jpg,Lying on side,Lying on side,맞음
livestock_pig_keypoints_031860.jpg,Lying on side,Lying on side,맞음
livestock_pig_keypoints_031862.jpg,Lying on side,Lying on side,맞음
livestock_pig_keypoints_031863.jpg,Lying on side,Lying on side,맞음
livestock_pig_keypoints_031865.jpg,Lying on side,Lying on side,맞음
livestock_pig_keypoints_031867.jpg,Lying on side,Lying on side,맞음
livestock_pig_keypoints_031868.jpg,Lying on side,Lying on side,맞음
livestock_pig_keypoints_031869.jpg,Lying on side,Lying on side,맞음
livestock_pig_keypoints_031870.jpg,Lying on side,Lying on side,맞음
livestock_pig_keypoints_031871.jpg,Lying on side,Lying on side,맞음
livestock_pig_keypoints_031872.jpg,Lying on side,Lying on side,맞음
livestock_pig_keypoints_031873.jpg,Lying on side,Lying on side,맞음
livestock_pig_keypoints_031874.jpg,Lying on belly,Lying on side,틀림
livestock_pig_keypoints_031875.jpg,Lying on side,Lying on side,맞음
livestock_pig_keypoints_031876.jpg,Lying on side,Lying on side,맞음
livestock_pig_keypoints_031877.jpg,Lying on side,Lying on side,맞음
livestock_pig_keypoints_031878.jpg,Lying on side,Lying on side,맞음
livestock_pig_keypoints_031880.jpg,Lying on side,Lying on side,맞음
livestock_pig_keypoints_031884.jpg,Lying on side,Lying on side,맞음
livestock_pig_keypoints_031885.jpg,Lying on side,Lying on side,맞음
livestock_pig_keypoints_031888.jpg,Lying on side,Lying on side,맞음
livestock_pig_keypoints_031889.jpg,Lying on side,Lying on side,맞음
livestock_pig_keypoints_031890.jpg,Lying on side,Lying on side,맞음
livestock_pig_keypoints_031891.jpg,Lying on side,Lying on side,맞음
livestock_pig_keypoints_031892.jpg,Lying on side,Lying on side,맞음
livestock_pig_keypoints_031893.jpg,Lying on side,Lying on side,맞음
livestock_pig_keypoints_031895.jpg,Lying on side,Lying on side,맞음
livestock_pig_keypoints_031896.jpg,Lying on side,Lying on side,맞음
livestock_pig_keypoints_031897.jpg,Lying on side,Lying on side,맞음
livestock_pig_keypoints_031899.jpg,Lying on belly,Lying on side,틀림
livestock_pig_keypoints_031901.jpg,Lying on side,Lying on side,맞음
livestock_pig_keypoints_031904.jpg,Lying on side,Lying on side,맞음
livestock_pig_keypoints_031905.jpg,Lying on side,Lying on side,맞음
livestock_pig_keypoints_031907.jpg,Lying on side,Lying on side,맞음
livestock_pig_keypoints_031908.jpg,Lying on side,Lying on side,맞음
livestock_pig_keypoints_031909.jpg,Standing,Lying on side,틀림
livestock_pig_keypoints_031910.jpg,Lying on side,Lying on side,맞음
livestock_pig_keypoints_031911.jpg,Lying on side,Lying on side,맞음
livestock_pig_keypoints_031912.jpg,Lying on side,Lying on side,맞음
livestock_pig_keypoints_031913.jpg,Lying on side,Lying on side,맞음
livestock_pig_keypoints_031914.jpg,Lying on side,Lying on side,맞음
livestock_pig_keypoints_031915.jpg,Lying on side,Lying on side,맞음
livestock_pig_keypoints_031916.jpg,Lying on side,Lying on side,맞음
livestock_pig_keypoints_031917.jpg,Lying on side,Lying on side,맞음
livestock_pig_keypoints_031919.jpg,Lying on side,Lying on side,맞음
livestock_pig_keypoints_031920.jpg,Lying on belly,Lying on side,틀림
livestock_pig_keypoints_031921.jpg,Lying on side,Lying on side,맞음
livestock_pig_keypoints_031922.jpg,Lying on side,Lying on side,맞음
livestock_pig_keypoints_031923.jpg,Lying on side,Lying on side,맞음
livestock_pig_keypoints_031924.jpg,Lying on side,Lying on side,맞음
livestock_pig_keypoints_031925.jpg,Lying on side,Lying on side,맞음
livestock_pig_keypoints_031927.jpg,Lying on side,Lying on side,맞음
livestock_pig_keypoints_031930.jpg,Lying on side,Lying on side,맞음
livestock_pig_keypoints_031931.jpg,Lying on side,Lying on side,맞음
livestock_pig_keypoints_031932.jpg,Lying on side,Lying on side,맞음
livestock_pig_keypoints_031933.jpg,Lying on side,Lying on side,맞음
livestock_pig_keypoints_031934.jpg,Lying on side,Lying on side,맞음
livestock_pig_keypoints_031935.jpg,Lying on side,Lying on side,맞음
livestock_pig_keypoints_031936.jpg,Lying on side,Lying on side,맞음
livestock_pig_keypoints_031937.jpg,Lying on side,Lying on side,맞음
livestock_pig_keypoints_031939.jpg,Lying on side,Lying on side,맞음
livestock_pig_keypoints_031940.jpg,Lying on side,Lying on side,맞음
livestock_pig_keypoints_031941.jpg,Lying on side,Lying on side,맞음
livestock_pig_keypoints_031943.jpg,Lying on side,Lying on side,맞음
livestock_pig_keypoints_031944.jpg,Lying on side,Lying on side,맞음
livestock_pig_keypoints_031945.jpg,Lying on side,Lying on side,맞음
livestock_pig_keypoints_031946.jpg,Lying on side,Lying on side,맞음
livestock_pig_keypoints_031947.jpg,Lying on side,Lying on side,맞음
livestock_pig_keypoints_031948.jpg,Lying on side,Lying on side,맞음
livestock_pig_keypoints_031950.jpg,Lying on side,Lying on side,맞음
livestock_pig_keypoints_031952.jpg,Lying on side,Lying on side,맞음
livestock_pig_keypoints_031955.jpg,Lying on side,Lying on side,맞음
livestock_pig_keypoints_031958.jpg,Lying on side,Lying on side,맞음
livestock_pig_keypoints_031960.jpg,Lying on side,Lying on side,맞음
livestock_pig_keypoints_031961.jpg,Lying on side,Lying on side,맞음
livestock_pig_keypoints_031963.jpg,Lying on side,Lying on side,맞음
livestock_pig_keypoints_031964.jpg,Lying on side,Lying on side,맞음
livestock_pig_keypoints_031966.jpg,Lying on side,Lying on side,맞음
livestock_pig_keypoints_031968.jpg,Lying on side,Lying on side,맞음
livestock_pig_keypoints_031969.jpg,Lying on side,Lying on side,맞음
livestock_pig_keypoints_031970.jpg,Lying on side,Lying on side,맞음
livestock_pig_keypoints_031971.jpg,Lying on side,Lying on side,맞음
livestock_pig_keypoints_031973.jpg,Lying on side,Lying on side,맞음
livestock_pig_keypoints_031974.jpg,Lying on side,Lying on side,맞음
livestock_pig_keypoints_031978.jpg,Lying on side,Lying on side,맞음
livestock_pig_keypoints_031980.jpg,Lying on belly,Lying on side,틀림
livestock_pig_keypoints_031982.jpg,Lying on side,Lying on side,맞음
livestock_pig_keypoints_031984.jpg,Lying on side,Lying on side,맞음
livestock_pig_keypoints_031985.jpg,Lying on side,Lying on side,맞음
livestock_pig_keypoints_031986.jpg,Lying on side,Lying on side,맞음
livestock_pig_keypoints_031987.jpg,Lying on side,Lying on side,맞음
livestock_pig_keypoints_031989.jpg,Lying on side,Lying on side,맞음
livestock_pig_keypoints_031990.jpg,Lying on side,Lying on side,맞음
livestock_pig_keypoints_031994.jpg,Lying on side,Lying on side,맞음
livestock_pig_keypoints_031995.jpg,Lying on side,Lying on side,맞음
livestock_pig_keypoints_031996.jpg,Standing,Lying on side,틀림
livestock_pig_keypoints_031998.jpg,Lying on side,Lying on side,맞음
livestock_pig_keypoints_031999.jpg,Lying on side,Lying on side,맞음
livestock_pig_keypoints_032000.jpg,Lying on side,Lying on side,맞음
livestock_pig_keypoints_032004.jpg,Lying on side,Lying on side,맞음
livestock_pig_keypoints_032007.jpg,Lying on side,Lying on side,맞음
livestock_pig_keypoints_032010.jpg,Lying on side,Lying on side,맞음
livestock_pig_keypoints_032011.jpg,Lying on side,Lying on side,맞음
livestock_pig_keypoints_032012.jpg,Lying on side,Lying on side,맞음
livestock_pig_keypoints_032013.jpg,Lying on side,Lying on side,맞음
livestock_pig_keypoints_032014.jpg,Lying on side,Lying on side,맞음
livestock_pig_keypoints_032017.jpg,Lying on side,Lying on side,맞음
livestock_pig_keypoints_032018.jpg,Standing,Lying on side,틀림
livestock_pig_keypoints_032020.jpg,Lying on side,Lying on side,맞음
livestock_pig_keypoints_032024.jpg,Lying on side,Lying on side,맞음
livestock_pig_keypoints_032025.jpg,Lying on side,Lying on side,맞음
livestock_pig_keypoints_032029.jpg,Lying on side,Lying on side,맞음
livestock_pig_keypoints_032030.jpg,Lying on side,Lying on side,맞음
livestock_pig_keypoints_032031.jpg,Standing,Lying on side,틀림
livestock_pig_keypoints_032033.jpg,Lying on side,Lying on side,맞음
livestock_pig_keypoints_032034.jpg,Lying on side,Lying on side,맞음
livestock_pig_keypoints_032036.jpg,Lying on side,Lying on side,맞음
livestock_pig_keypoints_032037.jpg,Lying on side,Lying on side,맞음
livestock_pig_keypoints_032039.jpg,Lying on side,Lying on side,맞음
livestock_pig_keypoints_032041.jpg,Lying on side,Lying on side,맞음
livestock_pig_keypoints_032043.jpg,Lying on side,Lying on side,맞음
livestock_pig_keypoints_032046.jpg,Lying on side,Lying on side,맞음
livestock_pig_keypoints_032047.jpg,Lying on side,Lying on side,맞음
livestock_pig_keypoints_032048.jpg,Lying on side,Lying on side,맞음
livestock_pig_keypoints_032049.jpg,Lying on side,Lying on side,맞음
livestock_pig_keypoints_032050.jpg,Lying on side,Lying on side,맞음
livestock_pig_keypoints_032051.jpg,Lying on belly,Lying on side,틀림
livestock_pig_keypoints_032052.jpg,Lying on side,Lying on side,맞음
livestock_pig_keypoints_032053.jpg,Lying on side,Lying on side,맞음
livestock_pig_keypoints_032054.jpg,Lying on side,Lying on side,맞음
livestock_pig_keypoints_032058.jpg,Lying on side,Lying on side,맞음
livestock_pig_keypoints_032059.jpg,Lying on side,Lying on side,맞음
livestock_pig_keypoints_032060.jpg,Lying on side,Lying on side,맞음
livestock_pig_keypoints_032064.jpg,Lying on belly,Lying on side,틀림
livestock_pig_keypoints_032067.jpg,Lying on side,Lying on side,맞음
livestock_pig_keypoints_032068.jpg,Lying on side,Lying on side,맞음
livestock_pig_keypoints_032069.jpg,Lying on side,Lying on side,맞음
livestock_pig_keypoints_032071.jpg,Lying on side,Lying on side,맞음
livestock_pig_keypoints_032072.jpg,Lying on side,Lying on side,맞음
livestock_pig_keypoints_032074.jpg,Lying on side,Lying on side,맞음
livestock_pig_keypoints_032075.jpg,Lying on side,Lying on side,맞음
livestock_pig_keypoints_032076.jpg,Lying on side,Lying on side,맞음
livestock_pig_keypoints_032077.jpg,Lying on side,Lying on side,맞음
livestock_pig_keypoints_032078.jpg,Lying on side,Lying on side,맞음
livestock_pig_keypoints_032081.jpg,Lying on side,Lying on side,맞음
livestock_pig_keypoints_032082.jpg,Lying on side,Lying on side,맞음
livestock_pig_keypoints_032083.jpg,Lying on side,Lying on side,맞음
livestock_pig_keypoints_032084.jpg,Lying on belly,Lying on side,틀림
livestock_pig_keypoints_032085.jpg,Lying on side,Lying on side,맞음
livestock_pig_keypoints_032086.jpg,Lying on side,Lying on side,맞음
livestock_pig_keypoints_032087.jpg,Lying on side,Lying on side,맞음
livestock_pig_keypoints_032088.jpg,Lying on side,Lying on side,맞음
livestock_pig_keypoints_032089.jpg,Lying on side,Lying on side,맞음
livestock_pig_keypoints_032090.jpg,Lying on side,Lying on side,맞음
livestock_pig_keypoints_032091.jpg,Lying on side,Lying on side,맞음
livestock_pig_keypoints_032092.jpg,Lying on side,Lying on side,맞음
livestock_pig_keypoints_032093.jpg,Lying on side,Lying on side,맞음
livestock_pig_keypoints_032094.jpg,Lying on side,Lying on side,맞음
livestock_pig_keypoints_032095.jpg,Lying on side,Lying on side,맞음
livestock_pig_keypoints_032097.jpg,Lying on side,Lying on side,맞음
livestock_pig_keypoints_032098.jpg,Lying on side,Lying on side,맞음
livestock_pig_keypoints_032100.jpg,Lying on side,Lying on side,맞음
livestock_pig_keypoints_032101.jpg,Lying on side,Lying on side,맞음
livestock_pig_keypoints_032103.jpg,Lying on side,Lying on side,맞음
livestock_pig_keypoints_032104.jpg,Lying on side,Lying on side,맞음
livestock_pig_keypoints_032105.jpg,Lying on side,Lying on side,맞음
livestock_pig_keypoints_032106.jpg,Lying on side,Lying on side,맞음
livestock_pig_keypoints_032107.jpg,Lying on side,Lying on side,맞음
livestock_pig_keypoints_032109.jpg,Lying on side,Lying on side,맞음
livestock_pig_keypoints_032110.jpg,Lying on side,Lying on side,맞음
livestock_pig_keypoints_032114.jpg,Lying on side,Lying on side,맞음
livestock_pig_keypoints_032115.jpg,Lying on side,Lying on side,맞음
livestock_pig_keypoints_032118.jpg,Lying on side,Lying on side,맞음
livestock_pig_keypoints_032119.jpg,Lying on side,Lying on side,맞음
livestock_pig_keypoints_032120.jpg,Lying on side,Lying on side,맞음
livestock_pig_keypoints_032121.jpg,Lying on side,Lying on side,맞음
livestock_pig_keypoints_032124.jpg,Lying on side,Lying on side,맞음
livestock_pig_keypoints_032125.jpg,Lying on side,Lying on side,맞음
livestock_pig_keypoints_032128.jpg,Lying on side,Lying on side,맞음
livestock_pig_keypoints_032129.jpg,Lying on side,Lying on side,맞음
livestock_pig_keypoints_032131.jpg,Lying on side,Lying on side,맞음
livestock_pig_keypoints_032133.jpg,Lying on side,Lying on side,맞음
livestock_pig_keypoints_032134.jpg,Lying on side,Lying on side,맞음
livestock_pig_keypoints_032138.jpg,Lying on side,Lying on side,맞음
livestock_pig_keypoints_032140.jpg,Lying on side,Lying on side,맞음
livestock_pig_keypoints_032142.jpg,Lying on side,Lying on side,맞음
livestock_pig_keypoints_032143.jpg,Lying on side,Lying on side,맞음
livestock_pig_keypoints_032144.jpg,Lying on side,Lying on side,맞음
livestock_pig_keypoints_032145.jpg,Lying on side,Lying on side,맞음
livestock_pig_keypoints_032146.jpg,Lying on belly,Lying on side,틀림
livestock_pig_keypoints_032147.jpg,Lying on side,Lying on side,맞음
livestock_pig_keypoints_032148.jpg,Lying on side,Lying on side,맞음
livestock_pig_keypoints_032150.jpg,Lying on side,Lying on side,맞음
livestock_pig_keypoints_032151.jpg,Lying on belly,Lying on side,틀림
livestock_pig_keypoints_032152.jpg,Lying on side,Lying on side,맞음
livestock_pig_keypoints_032153.jpg,Lying on side,Lying on side,맞음
livestock_pig_keypoints_032154.jpg,Lying on side,Lying on side,맞음
livestock_pig_keypoints_032155.jpg,Lying on side,Lying on side,맞음
livestock_pig_keypoints_032156.jpg,Lying on side,Lying on side,맞음
livestock_pig_keypoints_032157.jpg,Lying on side,Lying on side,맞음
livestock_pig_keypoints_032158.jpg,Lying on side,Lying on side,맞음
livestock_pig_keypoints_032159.jpg,Lying on side,Lying on side,맞음
livestock_pig_keypoints_032160.jpg,Lying on belly,Lying on side,틀림
livestock_pig_keypoints_032161.jpg,Lying on side,Lying on side,맞음
livestock_pig_keypoints_032162.jpg,Lying on side,Lying on side,맞음
livestock_pig_keypoints_032164.jpg,Lying on side,Lying on side,맞음
livestock_pig_keypoints_032165.jpg,Lying on side,Lying on side,맞음
livestock_pig_keypoints_032167.jpg,Lying on side,Lying on side,맞음
livestock_pig_keypoints_032168.jpg,Lying on side,Lying on side,맞음
livestock_pig_keypoints_032169.jpg,Lying on side,Lying on side,맞음
livestock_pig_keypoints_032170.jpg,Lying on belly,Lying on side,틀림
livestock_pig_keypoints_032172.jpg,Lying on side,Lying on side,맞음
livestock_pig_keypoints_032173.jpg,Lying on side,Lying on side,맞음
livestock_pig_keypoints_032174.jpg,Lying on side,Lying on side,맞음
livestock_pig_keypoints_032176.jpg,Lying on side,Lying on side,맞음
livestock_pig_keypoints_032177.jpg,Lying on side,Lying on side,맞음
livestock_pig_keypoints_032178.jpg,Lying on side,Lying on side,맞음
livestock_pig_keypoints_032181.jpg,Lying on side,Lying on side,맞음
livestock_pig_keypoints_032182.jpg,Lying on side,Lying on side,맞음
livestock_pig_keypoints_032184.jpg,Lying on side,Lying on side,맞음
livestock_pig_keypoints_032185.jpg,Lying on belly,Lying on side,틀림
livestock_pig_keypoints_032187.jpg,Lying on side,Lying on side,맞음
livestock_pig_keypoints_032188.jpg,Lying on side,Lying on side,맞음
livestock_pig_keypoints_032191.jpg,Lying on side,Lying on side,맞음
livestock_pig_keypoints_032193.jpg,Lying on side,Lying on side,맞음
livestock_pig_keypoints_032194.jpg,Lying on belly,Lying on side,틀림
livestock_pig_keypoints_032195.jpg,Lying on side,Lying on side,맞음
livestock_pig_keypoints_032196.jpg,Lying on side,Lying on side,맞음
livestock_pig_keypoints_032198.jpg,Lying on side,Lying on side,맞음
livestock_pig_keypoints_032199.jpg,Lying on side,Lying on side,맞음
livestock_pig_keypoints_032200.jpg,Lying on side,Lying on side,맞음
livestock_pig_keypoints_032203.jpg,Lying on belly,Lying on side,틀림
livestock_pig_keypoints_032205.jpg,Lying on side,Lying on side,맞음
livestock_pig_keypoints_032206.jpg,Lying on side,Lying on side,맞음
livestock_pig_keypoints_032208.jpg,Lying on side,Lying on side,맞음
livestock_pig_keypoints_032209.jpg,Lying on side,Lying on side,맞음
livestock_pig_keypoints_032212.jpg,Lying on side,Lying on side,맞음
livestock_pig_keypoints_032213.jpg,Lying on side,Lying on side,맞음
livestock_pig_keypoints_032214.jpg,Lying on side,Lying on side,맞음
livestock_pig_keypoints_032216.jpg,Lying on belly,Lying on side,틀림
livestock_pig_keypoints_032218.jpg,Lying on side,Lying on side,맞음
livestock_pig_keypoints_032219.jpg,Lying on side,Lying on side,맞음
livestock_pig_keypoints_032221.jpg,Lying on side,Lying on side,맞음
livestock_pig_keypoints_032223.jpg,Lying on belly,Lying on side,틀림
livestock_pig_keypoints_032224.jpg,Lying on side,Lying on side,맞음
livestock_pig_keypoints_032225.jpg,Lying on side,Lying on side,맞음
livestock_pig_keypoints_032227.jpg,Lying on side,Lying on side,맞음
livestock_pig_keypoints_032228.jpg,Lying on side,Lying on side,맞음
livestock_pig_keypoints_032229.jpg,Lying on side,Lying on side,맞음
livestock_pig_keypoints_032230.jpg,Lying on side,Lying on side,맞음
livestock_pig_keypoints_032231.jpg,Lying on side,Lying on side,맞음
livestock_pig_keypoints_032232.jpg,Lying on side,Lying on side,맞음
livestock_pig_keypoints_032233.jpg,Lying on side,Lying on side,맞음
livestock_pig_keypoints_032234.jpg,Lying on side,Lying on side,맞음
livestock_pig_keypoints_032236.jpg,Lying on side,Lying on side,맞음
livestock_pig_keypoints_032238.jpg,Lying on side,Lying on side,맞음
livestock_pig_keypoints_032239.jpg,Lying on side,Lying on side,맞음
livestock_pig_keypoints_032241.jpg,Lying on side,Lying on side,맞음
livestock_pig_keypoints_032242.jpg,Lying on side,Lying on side,맞음
livestock_pig_keypoints_032243.jpg,Lying on side,Lying on side,맞음
livestock_pig_keypoints_032244.jpg,Lying on side,Lying on side,맞음
livestock_pig_keypoints_032248.jpg,Lying on belly,Lying on side,틀림
livestock_pig_keypoints_032250.jpg,Lying on side,Lying on side,맞음
livestock_pig_keypoints_032251.jpg,Lying on side,Lying on side,맞음
livestock_pig_keypoints_032253.jpg,Lying on side,Lying on side,맞음
livestock_pig_keypoints_032255.jpg,Lying on side,Lying on side,맞음
livestock_pig_keypoints_032259.jpg,Lying on side,Lying on side,맞음
livestock_pig_keypoints_032260.jpg,Lying on side,Lying on side,맞음
livestock_pig_keypoints_032262.jpg,Lying on side,Lying on side,맞음
livestock_pig_keypoints_032263.jpg,Lying on side,Lying on side,맞음
livestock_pig_keypoints_032264.jpg,Lying on side,Lying on side,맞음
livestock_pig_keypoints_032265.jpg,Lying on side,Lying on side,맞음
livestock_pig_keypoints_032267.jpg,Lying on side,Lying on side,맞음
livestock_pig_keypoints_032274.jpg,Lying on side,Lying on side,맞음
livestock_pig_keypoints_032275.jpg,Lying on side,Lying on side,맞음
livestock_pig_keypoints_032276.jpg,Lying on side,Lying on side,맞음
livestock_pig_keypoints_032277.jpg,Lying on side,Lying on side,맞음
livestock_pig_keypoints_032279.jpg,Lying on side,Lying on side,맞음
livestock_pig_keypoints_032281.jpg,Lying on side,Lying on side,맞음
livestock_pig_keypoints_032282.jpg,Lying on side,Lying on side,맞음
livestock_pig_keypoints_032283.jpg,Lying on side,Lying on side,맞음
livestock_pig_keypoints_032285.jpg,Lying on side,Lying on side,맞음
livestock_pig_keypoints_032288.jpg,Lying on side,Lying on side,맞음
livestock_pig_keypoints_032289.jpg,Lying on side,Lying on side,맞음
livestock_pig_keypoints_032290.jpg,Lying on side,Lying on side,맞음
livestock_pig_keypoints_032291.jpg,Lying on side,Lying on side,맞음
livestock_pig_keypoints_032292.jpg,Lying on side,Lying on side,맞음
livestock_pig_keypoints_032293.jpg,Lying on side,Lying on side,맞음
livestock_pig_keypoints_032294.jpg,Lying on side,Lying on side,맞음
livestock_pig_keypoints_032295.jpg,Lying on side,Lying on side,맞음
livestock_pig_keypoints_032296.jpg,Lying on belly,Lying on side,틀림
livestock_pig_keypoints_032298.jpg,Lying on side,Lying on side,맞음
livestock_pig_keypoints_032300.jpg,Lying on side,Lying on side,맞음
livestock_pig_keypoints_032301.jpg,Lying on side,Lying on side,맞음
livestock_pig_keypoints_032302.jpg,Lying on side,Lying on side,맞음
livestock_pig_keypoints_032304.jpg,Lying on side,Lying on side,맞음
livestock_pig_keypoints_032306.jpg,Lying on side,Lying on side,맞음
livestock_pig_keypoints_032309.jpg,Lying on side,Lying on side,맞음
livestock_pig_keypoints_032311.jpg,Lying on side,Lying on side,맞음
livestock_pig_keypoints_032312.jpg,Lying on side,Lying on side,맞음
livestock_pig_keypoints_032313.jpg,Lying on side,Lying on side,맞음
livestock_pig_keypoints_032314.jpg,Lying on side,Lying on side,맞음
livestock_pig_keypoints_032315.jpg,Lying on side,Lying on side,맞음
livestock_pig_keypoints_032317.jpg,Lying on side,Lying on side,맞음
livestock_pig_keypoints_032320.jpg,Lying on side,Lying on side,맞음
livestock_pig_keypoints_032321.jpg,Lying on side,Lying on side,맞음
livestock_pig_keypoints_032322.jpg,Sitting,Lying on side,틀림
livestock_pig_keypoints_032323.jpg,Lying on side,Lying on side,맞음
livestock_pig_keypoints_032327.jpg,Lying on side,Lying on side,맞음
livestock_pig_keypoints_032330.jpg,Lying on side,Lying on side,맞음
livestock_pig_keypoints_032331.jpg,Lying on side,Lying on side,맞음
livestock_pig_keypoints_032332.jpg,Lying on side,Lying on side,맞음
livestock_pig_keypoints_032333.jpg,Lying on side,Lying on side,맞음
livestock_pig_keypoints_032335.jpg,Lying on side,Lying on side,맞음
livestock_pig_keypoints_032336.jpg,Lying on side,Lying on side,맞음
livestock_pig_keypoints_032337.jpg,Lying on side,Lying on side,맞음
livestock_pig_keypoints_032338.jpg,Lying on side,Lying on side,맞음
livestock_pig_keypoints_032343.jpg,Lying on side,Lying on side,맞음
livestock_pig_keypoints_032345.jpg,Lying on side,Lying on side,맞음
livestock_pig_keypoints_032346.jpg,Lying on side,Lying on side,맞음
livestock_pig_keypoints_032347.jpg,Lying on side,Lying on side,맞음
livestock_pig_keypoints_032348.jpg,Lying on side,Lying on side,맞음
livestock_pig_keypoints_032349.jpg,Lying on side,Lying on side,맞음
livestock_pig_keypoints_032350.jpg,Lying on belly,Lying on side,틀림
livestock_pig_keypoints_032352.jpg,Lying on side,Lying on side,맞음
livestock_pig_keypoints_032353.jpg,Lying on side,Lying on side,맞음
livestock_pig_keypoints_032356.jpg,Lying on side,Lying on side,맞음
livestock_pig_keypoints_032358.jpg,Lying on side,Lying on side,맞음
livestock_pig_keypoints_032359.jpg,Lying on side,Lying on side,맞음
livestock_pig_keypoints_032361.jpg,Lying on side,Lying on side,맞음
livestock_pig_keypoints_032363.jpg,Lying on side,Lying on side,맞음
livestock_pig_keypoints_032364.jpg,Lying on side,Lying on side,맞음
livestock_pig_keypoints_032366.jpg,Lying on side,Lying on side,맞음
livestock_pig_keypoints_032367.jpg,Lying on side,Lying on side,맞음
livestock_pig_keypoints_032368.jpg,Lying on side,Lying on side,맞음
livestock_pig_keypoints_032369.jpg,Lying on belly,Lying on side,틀림
livestock_pig_keypoints_032370.jpg,Lying on side,Lying on side,맞음
livestock_pig_keypoints_032371.jpg,Lying on side,Lying on side,맞음
livestock_pig_keypoints_032375.jpg,Lying on side,Lying on side,맞음
livestock_pig_keypoints_032377.jpg,Lying on side,Lying on side,맞음
livestock_pig_keypoints_032378.jpg,Lying on side,Lying on side,맞음
livestock_pig_keypoints_032379.jpg,Lying on side,Lying on side,맞음
livestock_pig_keypoints_032380.jpg,Lying on side,Lying on side,맞음
livestock_pig_keypoints_032381.jpg,Lying on side,Lying on side,맞음
livestock_pig_keypoints_032382.jpg,Lying on side,Lying on side,맞음
livestock_pig_keypoints_032385.jpg,Lying on side,Lying on side,맞음
livestock_pig_keypoints_032386.jpg,Lying on side,Lying on side,맞음
livestock_pig_keypoints_032387.jpg,Lying on side,Lying on side,맞음
livestock_pig_keypoints_032388.jpg,Lying on side,Lying on side,맞음
livestock_pig_keypoints_032389.jpg,Lying on side,Lying on side,맞음
livestock_pig_keypoints_032391.jpg,Lying on side,Lying on side,맞음
livestock_pig_keypoints_032393.jpg,Lying on side,Lying on side,맞음
livestock_pig_keypoints_032394.jpg,Lying on side,Lying on side,맞음
livestock_pig_keypoints_032396.jpg,Lying on side,Lying on side,맞음
livestock_pig_keypoints_032398.jpg,Lying on side,Lying on side,맞음
livestock_pig_keypoints_032399.jpg,Lying on side,Lying on side,맞음
livestock_pig_keypoints_032400.jpg,Lying on belly,Lying on side,틀림
livestock_pig_keypoints_032401.jpg,Lying on belly,Lying on side,틀림
livestock_pig_keypoints_032402.jpg,Lying on side,Lying on side,맞음
livestock_pig_keypoints_032403.jpg,Lying on side,Lying on side,맞음
livestock_pig_keypoints_032404.jpg,Lying on side,Lying on side,맞음
livestock_pig_keypoints_032405.jpg,Lying on side,Lying on side,맞음
livestock_pig_keypoints_032407.jpg,Lying on side,Lying on side,맞음
livestock_pig_keypoints_032409.jpg,Lying on side,Lying on side,맞음
livestock_pig_keypoints_032411.jpg,Lying on side,Lying on side,맞음
livestock_pig_keypoints_032412.jpg,Lying on side,Lying on side,맞음
livestock_pig_keypoints_032413.jpg,Lying on side,Lying on side,맞음
livestock_pig_keypoints_032415.jpg,Lying on side,Lying on side,맞음
livestock_pig_keypoints_032416.jpg,Lying on side,Lying on side,맞음
livestock_pig_keypoints_032417.jpg,Lying on side,Lying on side,맞음
livestock_pig_keypoints_032418.jpg,Lying on side,Lying on side,맞음
livestock_pig_keypoints_032419.jpg,Lying on side,Lying on side,맞음
livestock_pig_keypoints_032421.jpg,Lying on side,Lying on side,맞음
livestock_pig_keypoints_032423.jpg,Lying on side,Lying on side,맞음
livestock_pig_keypoints_032426.jpg,Lying on side,Lying on side,맞음
livestock_pig_keypoints_032427.jpg,Lying on side,Lying on side,맞음
livestock_pig_keypoints_032428.jpg,Lying on side,Lying on side,맞음
livestock_pig_keypoints_032429.jpg,Lying on side,Lying on side,맞음
livestock_pig_keypoints_032430.jpg,Lying on side,Lying on side,맞음
livestock_pig_keypoints_032431.jpg,Lying on side,Lying on side,맞음
livestock_pig_keypoints_032432.jpg,Lying on side,Lying on side,맞음
livestock_pig_keypoints_032433.jpg,Lying on side,Lying on side,맞음
livestock_pig_keypoints_032434.jpg,Lying on side,Lying on side,맞음
livestock_pig_keypoints_032435.jpg,Lying on side,Lying on side,맞음
livestock_pig_keypoints_032436.jpg,Lying on side,Lying on side,맞음
livestock_pig_keypoints_032437.jpg,Lying on side,Lying on side,맞음
livestock_pig_keypoints_032438.jpg,Lying on side,Lying on side,맞음
livestock_pig_keypoints_032439.jpg,Lying on side,Lying on side,맞음
livestock_pig_keypoints_032440.jpg,Lying on side,Lying on side,맞음
livestock_pig_keypoints_032441.jpg,Lying on side,Lying on side,맞음
livestock_pig_keypoints_032442.jpg,Lying on side,Lying on side,맞음
livestock_pig_keypoints_032445.jpg,Lying on side,Lying on side,맞음
livestock_pig_keypoints_032446.jpg,Lying on side,Lying on side,맞음
livestock_pig_keypoints_032450.jpg,Lying on side,Lying on side,맞음
livestock_pig_keypoints_032451.jpg,Lying on side,Lying on side,맞음
livestock_pig_keypoints_032452.jpg,Lying on side,Lying on side,맞음
livestock_pig_keypoints_032454.jpg,Lying on side,Lying on side,맞음
livestock_pig_keypoints_032455.jpg,Lying on side,Lying on side,맞음
livestock_pig_keypoints_032456.jpg,Lying on side,Lying on side,맞음
livestock_pig_keypoints_032457.jpg,Lying on side,Lying on side,맞음
livestock_pig_keypoints_032459.jpg,Lying on side,Lying on side,맞음
livestock_pig_keypoints_032460.jpg,Lying on side,Lying on side,맞음
livestock_pig_keypoints_032462.jpg,Lying on side,Lying on side,맞음
livestock_pig_keypoints_032464.jpg,Lying on side,Lying on side,맞음
livestock_pig_keypoints_032466.jpg,Lying on side,Lying on side,맞음
livestock_pig_keypoints_032467.jpg,Lying on side,Lying on side,맞음
livestock_pig_keypoints_032469.jpg,Lying on side,Lying on side,맞음
livestock_pig_keypoints_032470.jpg,Lying on side,Lying on side,맞음
livestock_pig_keypoints_032472.jpg,Lying on side,Lying on side,맞음
livestock_pig_keypoints_032473.jpg,Lying on side,Lying on side,맞음
livestock_pig_keypoints_032475.jpg,Lying on side,Lying on side,맞음
livestock_pig_keypoints_032477.jpg,Lying on side,Lying on side,맞음
livestock_pig_keypoints_032478.jpg,Lying on side,Lying on side,맞음
livestock_pig_keypoints_032479.jpg,Lying on side,Lying on side,맞음
livestock_pig_keypoints_032480.jpg,Lying on side,Lying on side,맞음
livestock_pig_keypoints_032481.jpg,Lying on side,Lying on side,맞음
livestock_pig_keypoints_032484.jpg,Lying on side,Lying on side,맞음
livestock_pig_keypoints_032486.jpg,Lying on side,Lying on side,맞음
livestock_pig_keypoints_032487.jpg,Lying on side,Lying on side,맞음
livestock_pig_keypoints_032488.jpg,Lying on side,Lying on side,맞음
livestock_pig_keypoints_032489.jpg,Lying on side,Lying on side,맞음
livestock_pig_keypoints_032490.jpg,Lying on side,Lying on side,맞음
livestock_pig_keypoints_032491.jpg,Lying on belly,Lying on side,틀림
livestock_pig_keypoints_032492.jpg,Lying on side,Lying on side,맞음
livestock_pig_keypoints_032493.jpg,Lying on side,Lying on side,맞음
livestock_pig_keypoints_032494.jpg,Lying on side,Lying on side,맞음
livestock_pig_keypoints_032495.jpg,Lying on side,Lying on side,맞음
livestock_pig_keypoints_032496.jpg,Lying on side,Lying on side,맞음
livestock_pig_keypoints_032498.jpg,Lying on side,Lying on side,맞음
livestock_pig_keypoints_032499.jpg,Lying on side,Lying on side,맞음
livestock_pig_keypoints_032500.jpg,Lying on side,Lying on side,맞음
livestock_pig_keypoints_000121.jpg,Standing,Sitting,틀림
livestock_pig_keypoints_000434.jpg,Sitting,Sitting,맞음
livestock_pig_keypoints_000455.jpg,Sitting,Sitting,맞음
livestock_pig_keypoints_000459.jpg,Sitting,Sitting,맞음
livestock_pig_keypoints_000599.jpg,Sitting,Sitting,맞음
livestock_pig_keypoints_000683.jpg,Sitting,Sitting,맞음
livestock_pig_keypoints_000859.jpg,Sitting,Sitting,맞음
livestock_pig_keypoints_000869.jpg,Sitting,Sitting,맞음
livestock_pig_keypoints_001067.jpg,Sitting,Sitting,맞음
livestock_pig_keypoints_001117.jpg,Sitting,Sitting,맞음
livestock_pig_keypoints_001138.jpg,Sitting,Sitting,맞음
livestock_pig_keypoints_001218.jpg,Sitting,Sitting,맞음
livestock_pig_keypoints_001283.jpg,Lying on belly,Sitting,틀림
livestock_pig_keypoints_001386.jpg,Sitting,Sitting,맞음
livestock_pig_keypoints_001442.jpg,Standing,Sitting,틀림
livestock_pig_keypoints_001453.jpg,Sitting,Sitting,맞음
livestock_pig_keypoints_001474.jpg,Sitting,Sitting,맞음
livestock_pig_keypoints_001560.jpg,Sitting,Sitting,맞음
livestock_pig_keypoints_001641.jpg,Sitting,Sitting,맞음
livestock_pig_keypoints_001872.jpg,Sitting,Sitting,맞음
livestock_pig_keypoints_001946.jpg,Sitting,Sitting,맞음
livestock_pig_keypoints_002009.jpg,Standing,Sitting,틀림
livestock_pig_keypoints_002022.jpg,Lying on belly,Sitting,틀림
livestock_pig_keypoints_002052.jpg,Sitting,Sitting,맞음
livestock_pig_keypoints_002084.jpg,Sitting,Sitting,맞음
livestock_pig_keypoints_002097.jpg,Standing,Sitting,틀림
livestock_pig_keypoints_002102.jpg,Standing,Sitting,틀림
livestock_pig_keypoints_002135.jpg,Standing,Sitting,틀림
livestock_pig_keypoints_002209.jpg,Standing,Sitting,틀림
livestock_pig_keypoints_002238.jpg,Sitting,Sitting,맞음
livestock_pig_keypoints_002240.jpg,Sitting,Sitting,맞음
livestock_pig_keypoints_002260.jpg,Sitting,Sitting,맞음
livestock_pig_keypoints_002315.jpg,Sitting,Sitting,맞음
livestock_pig_keypoints_002404.jpg,Sitting,Sitting,맞음
livestock_pig_keypoints_002485.jpg,Sitting,Sitting,맞음
livestock_pig_keypoints_002504.jpg,Sitting,Sitting,맞음
livestock_pig_keypoints_002534.jpg,Sitting,Sitting,맞음
livestock_pig_keypoints_002555.jpg,Sitting,Sitting,맞음
livestock_pig_keypoints_002608.jpg,Sitting,Sitting,맞음
livestock_pig_keypoints_002640.jpg,Sitting,Sitting,맞음
livestock_pig_keypoints_002805.jpg,Sitting,Sitting,맞음
livestock_pig_keypoints_003091.jpg,Sitting,Sitting,맞음
livestock_pig_keypoints_003728.jpg,Sitting,Sitting,맞음
livestock_pig_keypoints_005108.jpg,Sitting,Sitting,맞음
livestock_pig_keypoints_005116.jpg,Sitting,Sitting,맞음
livestock_pig_keypoints_005266.jpg,Sitting,Sitting,맞음
livestock_pig_keypoints_005304.jpg,Sitting,Sitting,맞음
livestock_pig_keypoints_005390.jpg,Sitting,Sitting,맞음
livestock_pig_keypoints_005524.jpg,Sitting,Sitting,맞음
livestock_pig_keypoints_005675.jpg,Sitting,Sitting,맞음
livestock_pig_keypoints_005681.jpg,Sitting,Sitting,맞음
livestock_pig_keypoints_005765.jpg,Sitting,Sitting,맞음
livestock_pig_keypoints_005989.jpg,Sitting,Sitting,맞음
livestock_pig_keypoints_015622.jpg,Standing,Sitting,틀림
livestock_pig_keypoints_015644.jpg,Sitting,Sitting,맞음
livestock_pig_keypoints_015658.jpg,Lying on side,Sitting,틀림
livestock_pig_keypoints_015660.jpg,Sitting,Sitting,맞음
livestock_pig_keypoints_015684.jpg,Sitting,Sitting,맞음
livestock_pig_keypoints_015744.jpg,Standing,Sitting,틀림
livestock_pig_keypoints_031504.jpg,Sitting,Sitting,맞음
livestock_pig_keypoints_031651.jpg,Sitting,Sitting,맞음
livestock_pig_keypoints_031801.jpg,Sitting,Sitting,맞음
livestock_pig_keypoints_031844.jpg,Sitting,Sitting,맞음
livestock_pig_keypoints_031854.jpg,Sitting,Sitting,맞음
livestock_pig_keypoints_031977.jpg,Sitting,Sitting,맞음
livestock_pig_keypoints_031981.jpg,Sitting,Sitting,맞음
livestock_pig_keypoints_031997.jpg,Sitting,Sitting,맞음
livestock_pig_keypoints_032002.jpg,Sitting,Sitting,맞음
livestock_pig_keypoints_032073.jpg,Sitting,Sitting,맞음
livestock_pig_keypoints_032127.jpg,Sitting,Sitting,맞음
livestock_pig_keypoints_032163.jpg,Sitting,Sitting,맞음
livestock_pig_keypoints_032627.jpg,Sitting,Sitting,맞음
livestock_pig_keypoints_033002.jpg,Sitting,Sitting,맞음
livestock_pig_keypoints_033014.jpg,Sitting,Sitting,맞음
livestock_pig_keypoints_033019.jpg,Sitting,Sitting,맞음
livestock_pig_keypoints_033121.jpg,Sitting,Sitting,맞음
livestock_pig_keypoints_033216.jpg,Sitting,Sitting,맞음
livestock_pig_keypoints_015730.jpg,Sitting,Standing,틀림
livestock_pig_keypoints_015731.jpg,Lying on belly,Standing,틀림
livestock_pig_keypoints_015736.jpg,Lying on belly,Standing,틀림
livestock_pig_keypoints_015747.jpg,Standing,Standing,맞음
livestock_pig_keypoints_015749.jpg,Lying on belly,Standing,틀림
livestock_pig_keypoints_031503.jpg,Standing,Standing,맞음
livestock_pig_keypoints_031506.jpg,Standing,Standing,맞음
livestock_pig_keypoints_031507.jpg,Standing,Standing,맞음
livestock_pig_keypoints_031548.jpg,Sitting,Standing,틀림
livestock_pig_keypoints_031558.jpg,Standing,Standing,맞음
livestock_pig_keypoints_031560.jpg,Standing,Standing,맞음
livestock_pig_keypoints_031564.jpg,Standing,Standing,맞음
livestock_pig_keypoints_031566.jpg,Standing,Standing,맞음
livestock_pig_keypoints_031569.jpg,Standing,Standing,맞음
livestock_pig_keypoints_031573.jpg,Standing,Standing,맞음
livestock_pig_keypoints_031612.jpg,Lying on belly,Standing,틀림
livestock_pig_keypoints_031618.jpg,Standing,Standing,맞음
livestock_pig_keypoints_031624.jpg,Lying on belly,Standing,틀림
livestock_pig_keypoints_031626.jpg,Standing,Standing,맞음
livestock_pig_keypoints_031655.jpg,Lying on belly,Standing,틀림
livestock_pig_keypoints_031659.jpg,Standing,Standing,맞음
livestock_pig_keypoints_031669.jpg,Standing,Standing,맞음
livestock_pig_keypoints_031672.jpg,Lying on side,Standing,틀림
livestock_pig_keypoints_031710.jpg,Sitting,Standing,틀림
livestock_pig_keypoints_031729.jpg,Standing,Standing,맞음
livestock_pig_keypoints_031730.jpg,Sitting,Standing,틀림
livestock_pig_keypoints_031731.jpg,Standing,Standing,맞음
livestock_pig_keypoints_031732.jpg,Standing,Standing,맞음
livestock_pig_keypoints_031733.jpg,Standing,Standing,맞음
livestock_pig_keypoints_031752.jpg,Standing,Standing,맞음
livestock_pig_keypoints_031790.jpg,Lying on belly,Standing,틀림
livestock_pig_keypoints_031810.jpg,Standing,Standing,맞음
livestock_pig_keypoints_031814.jpg,Standing,Standing,맞음
livestock_pig_keypoints_031819.jpg,Standing,Standing,맞음
livestock_pig_keypoints_031855.jpg,Standing,Standing,맞음
livestock_pig_keypoints_031857.jpg,Lying on belly,Standing,틀림
livestock_pig_keypoints_031866.jpg,Standing,Standing,맞음
livestock_pig_keypoints_031882.jpg,Standing,Standing,맞음
livestock_pig_keypoints_031902.jpg,Standing,Standing,맞음
livestock_pig_keypoints_031929.jpg,Standing,Standing,맞음
livestock_pig_keypoints_031949.jpg,Standing,Standing,맞음
livestock_pig_keypoints_031954.jpg,Standing,Standing,맞음
livestock_pig_keypoints_031976.jpg,Lying on belly,Standing,틀림
livestock_pig_keypoints_031979.jpg,Standing,Standing,맞음
livestock_pig_keypoints_031991.jpg,Lying on belly,Standing,틀림
livestock_pig_keypoints_031993.jpg,Standing,Standing,맞음
livestock_pig_keypoints_032003.jpg,Lying on belly,Standing,틀림
livestock_pig_keypoints_032005.jpg,Standing,Standing,맞음
livestock_pig_keypoints_032006.jpg,Standing,Standing,맞음
livestock_pig_keypoints_032023.jpg,Standing,Standing,맞음
livestock_pig_keypoints_032055.jpg,Standing,Standing,맞음
livestock_pig_keypoints_032057.jpg,Standing,Standing,맞음
livestock_pig_keypoints_032065.jpg,Lying on side,Standing,틀림
livestock_pig_keypoints_032070.jpg,Sitting,Standing,틀림
livestock_pig_keypoints_032123.jpg,Sitting,Standing,틀림
livestock_pig_keypoints_032139.jpg,Standing,Standing,맞음
livestock_pig_keypoints_032171.jpg,Lying on belly,Standing,틀림
livestock_pig_keypoints_032192.jpg,Standing,Standing,맞음
livestock_pig_keypoints_032237.jpg,Lying on belly,Standing,틀림
livestock_pig_keypoints_032252.jpg,Standing,Standing,맞음
livestock_pig_keypoints_032254.jpg,Standing,Standing,맞음
livestock_pig_keypoints_032257.jpg,Standing,Standing,맞음
livestock_pig_keypoints_032266.jpg,Standing,Standing,맞음
livestock_pig_keypoints_032273.jpg,Lying on belly,Standing,틀림
livestock_pig_keypoints_032284.jpg,Standing,Standing,맞음
livestock_pig_keypoints_032303.jpg,Standing,Standing,맞음
livestock_pig_keypoints_032340.jpg,Standing,Standing,맞음
livestock_pig_keypoints_032351.jpg,Lying on side,Standing,틀림
livestock_pig_keypoints_032373.jpg,Standing,Standing,맞음
livestock_pig_keypoints_032376.jpg,Standing,Standing,맞음
livestock_pig_keypoints_032395.jpg,Standing,Standing,맞음
livestock_pig_keypoints_032408.jpg,Lying on belly,Standing,틀림
livestock_pig_keypoints_032414.jpg,Lying on belly,Standing,틀림
livestock_pig_keypoints_032422.jpg,Standing,Standing,맞음
livestock_pig_keypoints_032443.jpg,Standing,Standing,맞음
livestock_pig_keypoints_032449.jpg,Standing,Standing,맞음
livestock_pig_keypoints_032471.jpg,Standing,Standing,맞음
livestock_pig_keypoints_032482.jpg,Standing,Standing,맞음
livestock_pig_keypoints_032483.jpg,Standing,Standing,맞음
livestock_pig_keypoints_032497.jpg,Lying on side,Standing,틀림
livestock_pig_keypoints_032516.jpg,Standing,Standing,맞음
livestock_pig_keypoints_032519.jpg,Standing,Standing,맞음
livestock_pig_keypoints_032540.jpg,Standing,Standing,맞음
livestock_pig_keypoints_032563.jpg,Standing,Standing,맞음
livestock_pig_keypoints_032564.jpg,Lying on belly,Standing,틀림
livestock_pig_keypoints_032566.jpg,Standing,Standing,맞음
livestock_pig_keypoints_032574.jpg,Standing,Standing,맞음
livestock_pig_keypoints_032613.jpg,Standing,Standing,맞음
livestock_pig_keypoints_032637.jpg,Standing,Standing,맞음
livestock_pig_keypoints_032664.jpg,Lying on belly,Standing,틀림
livestock_pig_keypoints_032665.jpg,Standing,Standing,맞음
livestock_pig_keypoints_032701.jpg,Standing,Standing,맞음
livestock_pig_keypoints_032730.jpg,Standing,Standing,맞음
livestock_pig_keypoints_032756.jpg,Lying on belly,Standing,틀림
livestock_pig_keypoints_032758.jpg,Standing,Standing,맞음
livestock_pig_keypoints_032763.jpg,Standing,Standing,맞음
livestock_pig_keypoints_032787.jpg,Standing,Standing,맞음
livestock_pig_keypoints_032789.jpg,Standing,Standing,맞음
livestock_pig_keypoints_032795.jpg,Standing,Standing,맞음
livestock_pig_keypoints_032811.jpg,Standing,Standing,맞음
livestock_pig_keypoints_032815.jpg,Standing,Standing,맞음
livestock_pig_keypoints_032819.jpg,Lying on belly,Standing,틀림
livestock_pig_keypoints_032820.jpg,Standing,Standing,맞음
livestock_pig_keypoints_032826.jpg,Sitting,Standing,틀림
livestock_pig_keypoints_032828.jpg,Standing,Standing,맞음
livestock_pig_keypoints_032830.jpg,Standing,Standing,맞음
livestock_pig_keypoints_032844.jpg,Standing,Standing,맞음
livestock_pig_keypoints_032849.jpg,Standing,Standing,맞음
livestock_pig_keypoints_032879.jpg,Lying on side,Standing,틀림
livestock_pig_keypoints_032889.jpg,Standing,Standing,맞음
livestock_pig_keypoints_032893.jpg,Standing,Standing,맞음
livestock_pig_keypoints_032898.jpg,Standing,Standing,맞음
livestock_pig_keypoints_032899.jpg,Lying on belly,Standing,틀림
livestock_pig_keypoints_032963.jpg,Standing,Standing,맞음
livestock_pig_keypoints_032965.jpg,Standing,Standing,맞음
livestock_pig_keypoints_032976.jpg,Standing,Standing,맞음
livestock_pig_keypoints_032993.jpg,Lying on belly,Standing,틀림
livestock_pig_keypoints_033005.jpg,Sitting,Standing,틀림
livestock_pig_keypoints_033006.jpg,Standing,Standing,맞음
livestock_pig_keypoints_033015.jpg,Standing,Standing,맞음
livestock_pig_keypoints_033044.jpg,Standing,Standing,맞음
livestock_pig_keypoints_033051.jpg,Lying on side,Standing,틀림
livestock_pig_keypoints_033057.jpg,Standing,Standing,맞음
livestock_pig_keypoints_033065.jpg,Standing,Standing,맞음
livestock_pig_keypoints_033067.jpg,Lying on belly,Standing,틀림
livestock_pig_keypoints_033069.jpg,Standing,Standing,맞음
livestock_pig_keypoints_033106.jpg,Lying on belly,Standing,틀림
livestock_pig_keypoints_033108.jpg,Lying on belly,Standing,틀림
livestock_pig_keypoints_033126.jpg,Lying on belly,Standing,틀림
livestock_pig_keypoints_033128.jpg,Lying on belly,Standing,틀림
livestock_pig_keypoints_033135.jpg,Lying on belly,Standing,틀림
livestock_pig_keypoints_033171.jpg,Sitting,Standing,틀림
livestock_pig_keypoints_033224.jpg,Lying on belly,Standing,틀림
livestock_pig_keypoints_033227.jpg,Standing,Standing,맞음
livestock_pig_keypoints_033240.jpg,Standing,Standing,맞음
livestock_pig_keypoints_033241.jpg,Standing,Standing,맞음
livestock_pig_keypoints_033242.jpg,Lying on belly,Standing,틀림
